Site,Date,Day.Night,Time pt,Pool,Time,Salinity ,Conductivity,Temp.pool,DO,mV,Temp.in,pH.pre,TA,CRM.off,NN,PO,NH4,Wind,PoolID,SetID,comments
Bodega,7/25/2016,Day,0,1,6:40,36.4,40634,11.2,4.15,-9.7,11.059,7.317512549,2224.692358,0.304039,13.7,1.52,10.34,0,1,1,
Bodega,7/25/2016,Day,0,2,6:44,36.5,40602,11.1,5.13,-9.5,11.219,7.312964831,2241.191052,0.304039,27.8,3.84,4.76,0,2,2,
Bodega,7/25/2016,Day,0,3,6:46,36.3,40030,10.7,3.51,-7.2,11.252,7.272001231,2244.059223,0.304039,12.4,1.44,7.61,0,3,3,
Bodega,7/25/2016,Day,0,4,6:52,36.8,41734,12,4.28,-12.7,12.273,7.36288558,2228.450598,0.304039,19,2.25,12.1,0,4,4,
Bodega,7/25/2016,Day,0,5,6:55,36.5,41286,11.7,2.25,-7,11.942,7.264253367,2229.353584,0.304039,9.32,1.38,8.04,0,5,5,
Bodega,7/25/2016,Day,0,6,6:57,36.6,41430,11.8,2.27,-5.2,12.103,7.231472046,2203.95489,0.304039,7.28,1.1,3.79,0,6,6,
Bodega,7/25/2016,Day,0,7,7:03,36.6,40368,10.8,3.95,-12.6,11.105,7.368640122,2212.785804,0.304039,11.6,1.48,13.43,0,7,7,
Bodega,7/25/2016,Day,0,8,7:06,36.6,40929,11.3,1.99,-8.2,11.633,7.287370927,2250.109676,0.304039,14.9,3.28,3.79,0,8,8,
Bodega,7/25/2016,Day,0,9,7:08,36.6,40623,11,3.07,-2.9,11.42,7.194821539,2231.882896,0.304039,6.91,2.53,3.37,0,9,9,
Bodega,7/25/2016,Day,0,10,7:16,36.6,40337,10.7,4.83,-16.5,11.076,7.437980011,2249.931486,0.304039,24.8,3.17,3.13,0,10,10,
Bodega,7/25/2016,Day,0,11,7:26,36.6,40552,11,4.68,-11,11.324,7.338882128,2175.535834,0.304039,9.34,1.31,7.85,0,11,11,
Bodega,7/25/2016,Day,0,12,7:18,36.6,40405,10.7,5.72,-19.5,11.195,7.490355591,2224.026418,0.111498,10.9,1.25,5.98,0,12,12,
Bodega,7/25/2016,Day,0,13,7:20,36.6,40494,10.8,5.83,-21,11.271,7.516411802,2227.583089,0.111498,7.32,1.08,2.64,0,13,13,
Bodega,7/25/2016,Day,0,14,7:30,36.9,43766,13.7,1.71,-5.7,13.632,7.231147391,2198.245542,0.111498,5.1,1.9,2.82,0,14,14,
Bodega,7/25/2016,Day,0,15,6:48,36.6,40542,10.9,4.83,-15.5,11.336,7.418524713,2213.055355,0.111498,22.1,2.71,6.28,0,15,15,
Bodega,7/25/2016,Day,0,Ocean,7:34,36.5,40108,10.6,8.82,-36.6,10.794,7.796625957,2232.447854,0.111498,12.5,1.29,0.58,0,Ocean,Ocean,
Bodega,7/25/2016,Day,1,1,7:40,36.5,40526,11,4.42,-17.4,11.541,7.450801493,2239.631934,0.111498,8.35,1.24,11.25,1.1,1,1,
Bodega,7/25/2016,Day,1,2,7:43,36.6,40815,11.2,5.4,-16.7,11.637,7.437766964,2235.415886,0.111498,8.5,1.25,9.55,1.1,2,2,
Bodega,7/25/2016,Day,1,3,7:45,36.6,40788,11.1,4.19,-9.3,11.809,7.305740441,2321.191201,0.111498,13.9,1.43,8.16,1.1,3,3,
Bodega,7/25/2016,Day,1,4,7:50,36.7,42105,12.4,4.81,-15.7,12.533,7.414137001,2262.953996,0.111498,25,3.81,12.58,1.1,4,4,
Bodega,7/25/2016,Day,1,5,7:53,36.6,41992,12.3,5.32,-14.9,12.577,7.399735408,2202.797065,0.111498,5.71,1.27,8.95,1.1,5,5,
Bodega,7/25/2016,Day,1,6,7:55,36.7,41855,12.2,3.63,-11.1,12.446,7.333538808,2203.63693,0.111498,7.96,1.31,4.34,1.1,6,6,
Bodega,7/25/2016,Day,1,7,7:57,36.7,40835,11.2,3.54,-19.8,11.697,7.492213106,2234.559533,0.111498,9.63,1.35,10.58,1.1,7,7,
Bodega,7/25/2016,Day,1,8,8:00,36.6,41193,11.6,4.36,-13.8,12.073,7.383608906,2239.420417,0.111498,3.64,0.997,3.01,1.1,8,8,
Bodega,7/25/2016,Day,1,9,8:02,36.6,41036,11.5,7.18,-18,11.96,7.458585378,2242.331106,0.111498,2.03,0.871,1.98,1.1,9,9,
Bodega,7/25/2016,Day,1,10,8:10,36.5,40768,11.2,4.9,-18.5,11.546,7.470240223,2252.058058,0.111498,8.28,1.34,3.37,1.1,10,10,
Bodega,7/25/2016,Day,1,11,8:17,36.6,40959,11.4,6.02,-19.2,11.799,7.480899024,2169.353403,0.111498,9.09,1.44,8.34,1.1,11,11,
Bodega,7/25/2016,Day,1,12,8:12,36.6,40753,11.1,5.73,-18,11.494,7.461741573,2172.612014,0.111498,17.9,2.14,8.34,1.1,12,12,
Bodega,7/25/2016,Day,1,13,8:14,36.7,40899,11.2,7.18,-22.8,11.645,7.545659351,2233.976613,0.111498,8.87,1.47,3.07,1.1,13,13,
Bodega,7/25/2016,Day,1,14,8:20,36.8,43778,14,2.89,-6.8,13.958,7.248507925,2203.93,0.111498,1.61,2.48,2.82,1.1,14,14,
Bodega,7/25/2016,Day,1,15,7:47,36.6,40959,11.3,4.08,-13.9,11.859,7.386769652,2195.162938,0.111498,14,2.21,8.58,1.1,15,15,
Bodega,7/25/2016,Day,1,Ocean,8:23,36.6,40746,11.1,9.05,-45.8,11.72,7.952031069,2196.920486,0.111498,6.81,1.2,0.28,1.1,Ocean,Ocean,
Bodega,7/25/2016,Day,2,1,8:40,36.6,41121,11.5,4.63,-21.3,12.049,7.516297435,2243.5095,0.137907,7.57,1.57,13.79,1.3,1,1,
Bodega,7/25/2016,Day,2,2,8:42,36.6,41204,11.6,5.42,-19.1,12.247,7.476068693,2207.85293,0.137907,6.94,1.28,9.55,1.3,2,2,
Bodega,7/25/2016,Day,2,3,8:44,36.7,41597,11.9,4.97,-20.6,12.509,7.500744116,2302.325648,0.137907,20,2.3,8.22,1.3,3,3,
Bodega,7/25/2016,Day,2,4,8:50,36.8,42811,13,6.73,-20,13.212,7.485328457,2168.172232,0.137907,7.11,1.28,11.43,1.3,4,4,
Bodega,7/25/2016,Day,2,5,8:52,36.6,42888,13.2,7.7,-29.9,13.342,7.658589641,2161.050172,0.137907,4.31,1.29,9.25,1.3,5,5,
Bodega,7/25/2016,Day,2,6,8:56,36.5,42275,12.7,8.35,-35,13.266,7.748896422,2165.287588,0.137907,4.03,1.04,3.49,1.3,6,6,
Bodega,7/25/2016,Day,2,7,8:58,36.6,41538,11.9,6.94,-32.1,12.152,7.706357454,2260.644649,0.137907,6.93,1.29,7.85,1.3,7,7,
Bodega,7/25/2016,Day,2,8,9:01,36.7,42167,12.5,7.91,-26,12.68,7.594774571,2260.644649,0.137907,3.43,1.37,4.34,1.3,8,8,
Bodega,7/25/2016,Day,2,9,9:03,36.6,41978,12.3,13.08,-49.8,12.781,8.013535819,2205.085184,0.137907,1.07,0.792,0.82,1.3,9,9,
Bodega,7/25/2016,Day,2,10,9:06,36.4,41255,11.8,8.99,-33.7,12.187,7.734350121,2230.816924,0.137907,4.39,0.965,2.16,1.3,10,10,
Bodega,7/25/2016,Day,2,11,9:16,36.7,41715,12,9.67,-34.1,12.472,7.739205052,2118.357268,0.137907,9.62,1.99,6.4,1.3,11,11,
Bodega,7/25/2016,Day,2,12,9:10,36.7,41213,11.5,7.01,-22.6,12.083,7.539030024,2224.149694,-0.01251,10.7,1.43,6.46,1.3,12,12,
Bodega,7/25/2016,Day,2,13,9:12,36.7,41388,11.7,8.52,-33.2,12.225,7.725226206,2225.355645,-0.01251,5.43,1.29,4.04,1.3,13,13,
Bodega,7/25/2016,Day,2,14,9:18,36.7,44250,14.1,4.6,-18.9,14.273,7.458769947,2209.621191,-0.01251,2.15,1.23,2.1,1.3,14,14,
Bodega,7/25/2016,Day,2,15,8:46,36.7,41554,11.8,5.07,-20.7,12.479,7.502716031,2205.711933,-0.01251,12.3,2.18,11.19,1.3,15,15,
Bodega,7/25/2016,Day,2,Ocean,9:21,36.6,41029,11.4,9.14,-45.3,12.732,7.934633153,2243.125962,-0.01251,6.52,0.911,1.49,1.3,Ocean,Ocean,
Bodega,7/25/2016,Day,3,1,9:40,36.6,41869,12.3,4.9,-21.9,13.228,7.5186553,2272.133645,-0.01251,9.86,1.72,17.76,0.836,1,1,
Bodega,7/25/2016,Day,3,2,9:43,36.6,41829,12.2,6.37,-24.4,12.91,7.56492044,2211.674822,-0.01251,8.92,1.45,11.36,0.836,2,2,
Bodega,7/25/2016,Day,3,3,9:45,36.7,42236,12.4,8.27,-31,13.399,7.677510488,2261.571663,-0.01251,16.6,1.63,10.93,0.836,3,3,
Bodega,7/25/2016,Day,3,4,9:48,36.6,43532,13.9,8.89,-28,14.135,7.619343541,2117.86384,-0.01251,11.5,1.49,18.8,0.836,4,4,
Bodega,7/25/2016,Day,3,5,9:53,37.1,44597,14.3,12.52,-46.5,14.477,7.940990248,2067.246838,0.048481,4.54,1.37,9.96,0.836,5,5,
Bodega,7/25/2016,Day,3,6,9:54,36.7,43460,13.7,12.7,-48.9,13.716,7.989595847,2126.336468,0.048481,4.72,1.19,6.42,0.836,6,6,
Bodega,7/25/2016,Day,3,7,9:56,36.8,42401,12.6,6.98,-42.3,13.101,7.87870523,2254.423623,0.048481,15.9,2.69,10.63,0.836,7,7,
Bodega,7/25/2016,Day,3,8,9:58,36.5,42699,13.2,12.18,-45.4,13.752,7.927804098,2217.663033,0.048481,4.35,2.08,6.42,0.836,8,8,
Bodega,7/25/2016,Day,3,9,10:02,36.9,43560,13.5,18.98,-67.5,13.845,8.315107253,2191.685966,0.048481,1.15,0.883,2.82,0.836,9,9,
Bodega,7/25/2016,Day,3,10,10:05,36.6,42222,12.6,11.73,-43.2,13.3,7.892901075,2159.801385,0.048481,5.54,1.05,3.86,0.836,10,10,
Bodega,7/25/2016,Day,3,11,10:13,36.6,42562,13,12.98,-47.9,13.645,7.972635516,2064.717803,0.048481,5.06,1.26,8.55,0.836,11,11,
Bodega,7/25/2016,Day,3,12,10:09,36.6,41491,11.9,8.53,-25.9,13.16,7.589539639,2220.151766,0.048481,15.4,1.82,9.16,0.836,12,12,
Bodega,7/25/2016,Day,3,13,10:11,36.7,41979,12.2,13.7,-44.7,13.558,7.917131164,2217.436885,0.048481,11.8,4.02,6.05,0.836,13,13,
Bodega,7/25/2016,Day,3,14,10:16,37.1,44937,14.7,6.59,-29.6,15.243,7.639190608,2196.802784,0.048481,3.44,1.95,3.07,0.836,14,14,
Bodega,7/25/2016,Day,3,15,9:47,36.7,42200,12.5,7.45,-29.1,13.384,7.644205061,2160.612534,0.048481,7.77,1.39,11.42,0.836,15,15,
Bodega,7/25/2016,Day,3,Ocean,10:20,36.6,41402,11,9.4,-49.6,13.963,7.999754133,2246.025591,0.048481,6.21,0.847,1.12,0.836,Ocean,Ocean,
Bodega,7/25/2016,Day,4,1,11:00,36.8,43740,13.9,6.56,-30.6,15.365,7.655754773,2242.346791,0.02927,8.59,1.97,19.9,0.84,1,1,
Bodega,7/25/2016,Day,4,2,11:03,36.9,43181,13.4,10.03,-33.2,15.122,7.703024619,2169.935715,0.02927,5.64,1.12,12.88,0.84,2,2,
Bodega,7/25/2016,Day,4,3,11:04,37,44539,14.4,13.11,-44.2,15.813,7.889606437,2184.38381,0.02927,16.3,1.42,13.62,0.84,3,3,
Bodega,7/25/2016,Day,4,4,11:08,36.7,46230,16.5,12.08,-42.4,17.474,7.844670533,2045.127399,0.02927,7.89,1.19,15.63,0.84,4,4,
Bodega,7/25/2016,Day,4,5,11:11,37.1,45769,17.8,16.6,-62.5,18.104,8.187350636,1905.18332,0.02927,3.5,1.21,10.45,0.84,5,5,
Bodega,7/25/2016,Day,4,6,11:13,36.8,45303,15.5,17.91,-64.7,16.336,8.242170028,2028.611225,0.02927,3.92,0.937,7.27,0.84,6,6,
Bodega,7/25/2016,Day,4,7,11:15,37,44071,14,10.82,-54.7,16.042,8.070694511,2191.995384,0.02927,6.79,1.55,12.27,0.84,7,7,
Bodega,7/25/2016,Day,4,8,11:19,37.5,46000,15.3,14.79,-79.4,17.099,8.490173868,2143.355901,0.02927,1.44,1.35,5.57,0.84,8,8,
Bodega,7/25/2016,Day,4,9,11:20,37.3,46358,15.9,25.65,-91.6,17.369,8.699016897,2117.733528,0.02927,0.745,0.733,4.29,0.84,9,9,
Bodega,7/25/2016,Day,4,10,11:23,36.9,43821,14,17.45,-70.8,15.87,8.352968545,2023.560978,0.02927,3.43,0.929,3.55,0.84,10,10,
Bodega,7/25/2016,Day,4,11,11:30,37.3,44715,14.3,17.55,-63.3,16.889,8.212594358,1914.279004,0.02927,3.41,1.21,9.71,0.84,11,11,
Bodega,7/25/2016,Day,4,12,11:25,37,42869,12.9,7.67,-27.2,15.194,7.597605862,2216.845298,0.040045,6.87,1.14,10.38,0.84,12,12,
Bodega,7/25/2016,Day,4,13,11:27,36.6,43155,13.6,16.21,-60.5,15.516,8.176644176,2184.805492,0.040045,3.46,1.4,5.32,0.84,13,13,
Bodega,7/25/2016,Day,4,14,11:32,37.1,46250,16.1,10.69,-48.1,17.776,7.940955882,2169.833074,0.040045,1.78,1.37,4.59,0.84,14,14,
Bodega,7/25/2016,Day,4,15,11:06,36.7,43528,13.9,10.7,-41.6,15.65,7.845584621,2096.393439,0.040045,5.15,1.34,10.93,0.84,15,15,
Bodega,7/25/2016,Day,4,Ocean,11:35,36.4,41519,12,9.51,-55.8,16.001,8.090232134,2229.816173,0.040045,5.81,0.883,1.12,0.84,Ocean,Ocean,
Bodega,7/25/2016,Day,5,1,12:00,37,45304,15.3,9.06,-39.8,17.043,7.803025309,2198.331283,0.040045,7.79,2.49,17.64,0,1,1,
Bodega,7/25/2016,Day,5,2,12:02,37.1,44654,14.6,11.7,-47.9,16.528,7.948064145,2112.312029,0.040045,6.8,1.81,12.82,0,2,2,
Bodega,7/25/2016,Day,5,3,12:04,36.8,46151,16.2,16.29,-60.2,17.71,8.151172405,2051.754386,0.040045,14.1,2.08,16.48,0,3,3,
Bodega,7/25/2016,Day,5,4,12:06,36.6,48591,18.8,14.29,-52,19.455,7.993931798,1972.199271,0.040045,11.2,2.04,17.82,0,4,4,
Bodega,7/25/2016,Day,5,5,12:09,37.1,50180,19.7,17.28,-69.8,19.852,8.296657691,1763.000685,0.178674,4.94,1.9,13.07,0,5,5,
Bodega,7/25/2016,Day,5,6,12:12,36.8,46130,16.3,21.14,-76.8,17.842,8.437457857,1935.315959,0.178674,6.86,1.35,10.32,0,6,6,
Bodega,7/25/2016,Day,5,7,12:14,37.2,45776,15.3,16.7,-54.5,17.202,8.056908641,2143.412632,0.178674,17.6,4.71,17.58,0,7,7,
Bodega,7/25/2016,Day,5,8,12:18,36.9,46386,16.3,23.59,-92.7,19.388,8.69567897,2048.3226,0.178674,1.25,1.28,5.57,0,8,8,
Bodega,7/25/2016,Day,5,9,12:20,37.2,48665,18.1,29.49,-103.7,19.525,8.883578522,2025.192275,0.178674,0.673,0.846,4.59,0,9,9,
Bodega,7/25/2016,Day,5,10,12:22,37.3,45920,15.4,20.59,-81.8,17.346,8.529253722,2023.369859,0.178674,2.51,0.934,3.62,0,10,10,
Bodega,7/25/2016,Day,5,11,12:30,37.2,47374,16.9,19.4,-65.7,17.352,8.249881343,1770.81547,0.178674,3.07,1.13,13.98,0,11,11,
Bodega,7/25/2016,Day,5,12,12:26,38.3,47832,16.2,9.25,-39.4,16.116,7.803470621,2160.18649,0.178674,8.66,1.47,10.93,0,12,12,
Bodega,7/25/2016,Day,5,13,12:27,36.8,44732,14.9,20.65,-75.6,16.951,8.425692031,2133.111549,0.178674,1.92,1.14,5.51,0,13,13,
Bodega,7/25/2016,Day,5,14,12:32,37.3,47836,17.3,13.59,-57.6,18.922,8.09518471,2139.343526,0.178674,2.24,2.06,8.49,0,14,14,
Bodega,7/25/2016,Day,5,15,12:05,36.8,45219,15.3,12.96,-52.6,17.167,8.02423595,2038.354746,0.178674,4.6,1.62,13.07,0,15,15,
Bodega,7/25/2016,Day,5,Ocean,12:35,36.3,42242,12.7,9.74,-60.6,15.682,8.176850242,2159.538198,0.178674,5.95,0.946,1.24,0,Ocean,Ocean,
Bodega,7/27/2016,Night,0,1,21:48,36.3,41544,12.3,7.26,-37.8,11.83,7.809619789,2225.60463,0.02662,6.81,1.26,6.420732,0,1,16,
Bodega,7/27/2016,Night,0,2,21:49,36.4,41765,12.4,6.75,-42.5,12.613,7.886255874,2180.229085,0.02662,2.98,0.763,4.835366,0,2,17,
Bodega,7/27/2016,Night,0,3,21:50,36.4,41667,12.2,5.65,-31.9,12.389,7.701018551,2219.005536,0.02662,5.93,0.946,8.981707,0,3,18,
Bodega,7/27/2016,Night,0,4,21:55,36.5,42351,12.8,5.53,-40.4,12.563,7.849626836,2232.298999,0.02662,4.15,0.793,8.25,0,4,19,
Bodega,7/27/2016,Night,0,5,21:58,36.5,42158,12.7,3.2,-23.2,12.446,7.547060545,2214.311306,0.486238,3.92,0.965,9.530488,0,5,20,
Bodega,7/27/2016,Night,0,6,22:00,36.2,41938,12.7,3.19,-25.3,12.625,7.582828311,2210.812694,0.486238,3.93,0.805,7.70122,0,6,21,
Bodega,7/27/2016,Night,0,7,22:02,36.5,41652,12.1,2.31,-20.1,12.032,7.495209475,2149.102768,0.486238,5.6,1.26,17.88415,0,7,22,removed 450 ml of water
Bodega,7/27/2016,Night,0,8,22:04,36.5,42033,12.5,2.03,-20.1,12.458,7.492273997,2195.117125,0.486238,2.29,0.89,9.103659,0,8,23,"changed battery, DO measurement was 2 mins later"
Bodega,7/27/2016,Night,0,9,22:06,36.5,41801,12.3,2.5,-20.1,12.453,7.492308427,2172.792832,0.486238,2.06,0.734,6.908537,0,9,24,
Bodega,7/27/2016,Night,0,10,22:09,36.5,41680,12.1,5.41,-34.5,12.065,7.749429885,2230.340043,0.486238,3.11,0.724,3.859756,0,10,25,
Bodega,7/27/2016,Night,0,11,22:15,36.5,41798,12.2,3.65,-26,12.232,7.598022762,2120.313727,0.486238,3.45,1.1,11.96951,0,11,26,
Bodega,7/27/2016,Night,0,12,22:10,36.5,41840,12.3,5.92,-36.7,12.274,7.786648551,2220.620095,0.486238,4.25,0.922,7.457317,0,12,27,
Bodega,7/27/2016,Night,0,13,22:12,36.5,41995,12.4,5.89,-41.5,12.352,7.870761843,2229.804252,0.486238,2.75,0.701,4.286585,0,13,28,
Bodega,7/27/2016,Night,0,14,22:18,36.6,42064,13,4.92,-36.2,12.944,7.772543023,2218.094024,0.486238,3.73,0.767,7.579268,0,14,29,
Bodega,7/27/2016,Night,0,15,21:52,36.5,41856,12.4,6.08,-38.4,12.433,7.815390419,2218.951622,0.486238,3.83,0.82,6.786585,0,15,30,
Bodega,7/27/2016,Night,0,Ocean,22:23,36.5,40687,11.6,5.7,-49.5,11.734,8.01736703,2245.844719,0.486238,6.87,1.09,3.920732,0,Ocean,Ocean,
Bodega,7/27/2016,Night,1,1,22:48,36.5,41648,12.1,4.05,-30.1,11.965,7.672433498,2207.857449,0.179862,5.39,1.32,16.54268,0,1,16,
Bodega,7/27/2016,Night,1,2,22:49,36.5,41946,12.4,4.6,-33.7,12.242,7.733924796,2221.246537,0.179862,3.91,1.05,11.35976,0,2,17,
Bodega,7/27/2016,Night,1,3,22:51,36.5,41801,12.2,1.71,-15.8,12.167,7.41832493,2247.371473,0.179862,11.6,1.38,14.22561,0,3,18,
Bodega,7/27/2016,Night,1,4,22:55,36.5,42388,12.8,4.11,-31,12.542,7.683977062,2199.84006,0.179862,5.03,1.04,12.09146,0,4,19,
Bodega,7/27/2016,Night,1,5,22:57,36.5,42131,12.6,1.89,-14.8,12.411,7.399060144,2198.395331,0.179862,3.26,1.18,11.84756,0,5,20,
Bodega,7/27/2016,Night,1,6,22:58,36.5,42271,12.7,1.78,-16.5,12.582,7.427923438,2203.929382,0.179862,4.52,1.06,8.79878,0,6,21,
Bodega,7/27/2016,Night,1,7,23:00,36.5,41674,12.1,0.64,-15.5,11.929,7.414599112,2165.299681,0.179862,7.86,1.97,21.84756,0,7,22,
Bodega,7/27/2016,Night,1,8,23:02,36.5,42603,12.5,0.83,-14.6,12.344,7.395969121,2202.634532,0.179862,2.18,1.12,9.469512,0,8,23,
Bodega,7/27/2016,Night,1,9,23:05,36.5,41852,12.3,0.92,-13.4,12.408,7.37437154,2190.177352,0.179862,2.14,1.01,7.762195,0,9,24,
Bodega,7/27/2016,Night,1,10,23:07,36.5,41658,12.1,2.66,-21.9,12.036,7.526991121,2241.707899,0.179862,2.97,0.953,5.140244,0,10,25,
Bodega,7/27/2016,Night,1,11,23:14,36.5,41848,12.3,1.48,-13.9,12.122,7.385056854,2127.87619,0.149232,2.9,1.25,18.67683,0,11,26,
Bodega,7/27/2016,Night,1,12,23:10,36.5,41792,12.2,3.61,-26.8,12.186,7.612486577,2203.869058,0.149232,4.73,1.16,7.152439,0,12,27,
Bodega,7/27/2016,Night,1,13,23:11,36.5,41987,12.4,4.76,-34.6,12.268,7.749615452,2223.028636,0.149232,2.04,0.753,4.347561,0,13,28,
Bodega,7/27/2016,Night,1,14,23:17,36.6,42686,13,3.02,-26.2,12.776,7.597604398,2194.654373,0.149232,3.22,0.841,6.664634,0,14,29,
Bodega,7/27/2016,Night,1,15,22:52,36.5,42015,12.4,4.03,-26.7,12.416,7.60904186,2198.406966,0.149232,4.29,1.08,9.713415,0,15,30,
Bodega,7/27/2016,Night,1,Ocean,23:22,36.5,41187,11.6,8.58,-46.2,11.671,7.959525367,2277.567862,0.149232,6.19,0.891,3.79878,0,Ocean,Ocean,
Bodega,7/27/2016,Night,2,1,23:48,36.5,41717,12.2,1.7,-20.1,11.877,7.496278622,2206.595587,0.149232,5.09,1.29,17.70122,0.6,1,16,
Bodega,7/27/2016,Night,2,2,23:49,36.5,42048,12.5,3.42,-25,12.182,7.580722852,2168.94061,0.149232,2.71,0.845,9.347561,0.6,2,17,
Bodega,7/27/2016,Night,2,3,23:50,36.3,41623,12.2,0.83,-11.8,12.057,7.348371996,2306.124913,0.149232,13.6,1.34,14.53049,0.6,3,18,
Bodega,7/27/2016,Night,2,4,23:54,36.6,42378,12.8,3.24,-23.9,12.476,7.559199426,2221.797008,0.149232,3.72,0.848,12.51829,0.6,4,19,
Bodega,7/27/2016,Night,2,5,23:56,36.5,41961,12.5,2.09,-11.4,12.248,7.340090128,2187.06713,0.149232,2.36,1.14,11.54268,0.6,5,20,
Bodega,7/27/2016,Night,2,6,23:57,36.6,42207,12.6,1.44,-11.9,12.5,7.347311486,2217.758452,0.149232,3.2,0.872,6.908537,0.6,6,21,
Bodega,7/28/2016,Night,2,7,0:00,36.6,41635,12.1,0.97,-14.5,12.014,7.396363923,2219.412804,0.149232,6.45,1.56,20.44512,0.6,7,22,
Bodega,7/28/2016,Night,2,8,0:01,36.6,42034,12.4,0.91,-12.9,12.33,7.366049689,2220.880095,0.149232,1.4,0.927,8.25,0.6,8,23,
Bodega,7/28/2016,Night,2,9,0:03,36.6,42054,12.4,0.8,-11.8,12.312,7.346745498,2220.658019,0.149232,1.4,0.795,8.006098,0.6,9,24,
Bodega,7/28/2016,Night,2,10,0:05,36.6,41707,12.1,1.64,-16.5,12.035,7.431570106,2204.990078,0.149232,2.2,0.872,5.384146,0.6,10,25,
Bodega,7/28/2016,Night,2,11,0:11,36.6,41829,12.2,1.21,-9.3,12.113,7.303847132,2128.643509,0.149232,2.88,1.34,19.40854,0.6,11,26,
Bodega,7/28/2016,Night,2,12,0:07,36.6,41885,12.3,2.76,-19.3,12.249,7.479586756,2213.865633,0.149232,3.67,1.05,7.27439,0.6,12,27,
Bodega,7/28/2016,Night,2,13,0:09,36.5,41922,12.4,3.4,-26.3,12.414,7.601997088,2226.195746,0.340691,1.88,0.801,5.140244,0.6,13,28,
Bodega,7/28/2016,Night,2,14,0:13,36.6,42632,13,2.6,-20.4,12.825,7.495035326,2217.628625,0.340691,2.54,0.797,8.006098,0.6,14,29,
Bodega,7/27/2016,Night,2,15,23:52,36.6,42086,12.5,2.6,-19.2,12.362,7.477048688,2194.029817,0.340691,3.07,0.95,8.79878,0.6,15,30,
Bodega,7/28/2016,Night,2,Ocean,0:15,36.4,41237,11.7,8.47,-45.1,11.824,7.938767851,2249.220578,0.340691,5.18,0.971,4.652439,0.6,Ocean,Ocean,
Bodega,7/28/2016,Night,3,1,0:48,36.6,41788,12.7,1.32,-16.4,12.015,7.429936255,2246.524375,0.340691,4.63,1.37,17.29762,1.4,1,16,
Bodega,7/28/2016,Night,3,2,0:49,36.5,41955,12.5,2.09,-18.8,12.312,7.470328454,2220.682694,0.340691,2.79,0.96,9.440476,1.4,2,17,
Bodega,7/28/2016,Night,3,3,0:50,36.6,41864,12.3,0.94,-9.6,12.17,7.308791385,2329.927816,0.340691,13.4,1.26,12.59524,1.4,3,18,
Bodega,7/28/2016,Night,3,4,0:53,36.6,42388,12.8,2.58,-17.8,12.59,7.450798943,2228.510242,0.340691,4.89,1,12.89286,1.4,4,19,
Bodega,7/28/2016,Night,3,5,0:55,36.6,42283,12.7,1.62,-11,12.29,7.332760917,2186.282653,0.340691,1.78,1.13,9.738095,1.4,5,20,
Bodega,7/28/2016,Night,3,6,0:56,36.5,42227,12.7,1.1,-10.4,12.52,7.320721142,2225.612187,0.340691,3.03,0.908,6.880952,1.4,6,21,
Bodega,7/28/2016,Night,3,7,0:58,36.5,41677,12.1,1.06,-14.2,11.997,7.391172999,2262.778516,0.340691,7.76,2.07,24.2619,1.4,7,22,
Bodega,7/28/2016,Night,3,8,1:00,36.5,41994,12.5,0.92,-11.4,12.307,7.33971537,2226.385235,0.340691,1.59,0.974,9.738095,1.4,8,23,
Bodega,7/28/2016,Night,3,9,1:03,36.6,41859,12.2,0.84,-10,12.371,7.314597447,2225.974857,0.340691,2.02,1.02,8.071429,1.4,9,24,
Bodega,7/28/2016,Night,3,10,1:05,36.6,41664,12.1,1.27,-12.7,12.05,7.364320497,2283.076838,0.340691,2.49,1.06,4.738095,1.4,10,25,
Bodega,7/28/2016,Night,3,11,1:11,36.5,41726,12.2,1.05,-7.6,12.067,7.274094719,2133.558641,0.340691,2.23,1.28,18.72619,1.4,11,26,
Bodega,7/28/2016,Night,3,12,1:07,36.6,41861,12.3,1.65,-14.7,12.205,7.398645681,2218.82237,0.340691,4.86,1.26,7,1.4,12,27,
Bodega,7/28/2016,Night,3,13,1:09,36.6,42018,12.4,2.7,-20.7,12.285,7.504059418,2223.877333,0.340691,1.91,0.82,4.97619,1.4,13,28,
Bodega,7/28/2016,Night,3,14,1:14,36.6,42789,13.2,1.43,-16.3,12.886,7.422375657,2213.659939,0.340691,2.89,0.894,7.178571,1.4,14,29,
Bodega,7/28/2016,Night,3,15,0:51,36.6,42145,12.6,1.7,-14.1,12.447,7.386471566,2194.136125,0.167425,2.91,0.969,9.916667,1.4,15,30,
Bodega,7/28/2016,Night,3,Ocean,0:17,36.6,41273,11.6,8.32,-43.9,11.717,7.918442559,2251.220057,0.167425,5.88,0.869,4.083333,1.4,Ocean,Ocean,
Bodega,7/28/2016,Night,4,1,1:48,36.6,41660,12,0.95,-16.1,11.767,7.426283815,2284.327545,0.167425,4.8,1.49,23.72619,0,1,16,
Bodega,7/28/2016,Night,4,2,1:49,36.6,42098,12.5,1.51,-16,12.188,7.421718256,2183.943765,0.167425,2.68,0.982,9.797619,0,2,17,
Bodega,7/28/2016,Night,4,3,1:50,36.6,41935,12.3,0.97,-8.5,12.006,7.290374398,2376.633273,0.167425,12.3,1.28,12.11905,0,3,18,
Bodega,7/28/2016,Night,4,4,1:53,36.5,42262,12.8,2.26,-14.1,12.442,7.386504143,2233.074845,0.167425,4.47,1.04,13.66667,0,4,19,
Bodega,7/28/2016,Night,4,5,1:55,36.6,41955,12.3,1.6,-7.1,12.312,7.26376837,2234.42109,0.167425,2.05,1.16,8.369048,0,5,20,
Bodega,7/28/2016,Night,4,6,1:56,36.4,41988,12.5,1.16,-8,12.343,7.279467249,2238.368966,0.167425,2.69,0.895,5.511905,0,6,21,
Bodega,7/28/2016,Night,4,7,1:58,36.6,41617,12,0.92,-12.4,11.894,7.360020731,2291.634868,0.167425,6.68,1.95,25.33333,0,7,22,
Bodega,7/28/2016,Night,4,8,2:00,36.5,41919,12.4,1.02,-9,12.112,7.298553231,2279.890446,0.465679,1.37,0.875,8.488095,0,8,23,
Bodega,7/28/2016,Night,4,9,2:01,36.6,41721,12.1,0.83,-8.2,12.135,7.284277958,2240.054837,0.167425,1.98,0.858,8.369048,0,9,24,
Bodega,7/28/2016,Night,4,10,2:03,36.5,41470,12,0.79,-11.8,11.89,7.34943791,2327.585195,0.167425,1.78,0.917,4.380952,0,10,25,
Bodega,7/28/2016,Night,4,11,2:10,36.6,41795,12.2,0.96,-4.9,11.98,7.226904066,2156.934765,0.167425,2.19,1.28,21.46429,0,11,26,
Bodega,7/28/2016,Night,4,12,2:06,36.5,41746,12.3,1.36,-12,12.067,7.351842161,2244.661795,0.167425,3.03,0.958,7,0,12,27,
Bodega,7/28/2016,Night,4,13,2:08,36.6,42006,12.4,2.1,-16.4,12.199,7.428709916,2212.946213,0.167425,1.07,0.669,5.154762,0,13,28,
Bodega,7/28/2016,Night,4,14,2:13,36.6,42803,13.1,1.29,-13.3,12.627,7.37119093,2216.591719,0.167425,1.75,0.735,5.630952,0,14,29,
Bodega,7/28/2016,Night,4,15,1:51,36.6,42110,12.5,1.47,-11,12.34,7.332444599,2184.996873,0.167425,2.7,0.931,7.952381,0,15,30,
Bodega,7/28/2016,Night,4,Ocean,2:15,36.6,41223,11.6,8.32,-43.7,11.615,7.915758091,2251.220057,0.167425,6.2,0.934,3.547619,0,Ocean,Ocean,
Bodega,7/28/2016,Night,5,1,2:46,36.6,41710,12.1,1.14,-14.7,11.646,7.402314728,2296.963256,-0.08687,4.29,1.46,17.05952,0,1,16,
Bodega,7/28/2016,Night,5,2,2:47,36.6,42009,12.4,1.7,-14,12.093,7.387012471,2232.130757,-0.08687,2.03,0.863,9.083333,0,2,17,
Bodega,7/28/2016,Night,5,3,2:50,36.6,41900,12.3,0.99,-8.1,11.9,7.283957232,2427.858527,-0.08687,19,1.46,12.83333,0,3,18,
Bodega,7/28/2016,Night,5,4,2:54,36.5,42190,12.7,2.04,-12,12.2,7.350992048,2244.909305,-0.08687,3.75,0.98,13.19048,0,4,19,
Bodega,7/28/2016,Night,5,5,2:57,36.5,42030,12.5,1.53,-7,12.009,7.263845664,2242.195249,-0.08687,1.7,1.26,7.535714,0,5,20,
Bodega,7/28/2016,Night,5,6,3:00,36.5,42057,12.5,1.02,-8.5,12.146,7.289509732,2256.133614,-0.08687,2.18,0.865,5.095238,0,6,21,
Bodega,7/28/2016,Night,5,7,3:02,36.6,41586,12,0.79,-13.2,11.608,7.376016865,2379.265117,-0.08687,4.1,1.98,27.71429,0,7,22,
Bodega,7/28/2016,Night,5,8,3:04,36.5,41765,12.3,1.01,-9,11.91,7.29980733,2279.262757,-0.08687,1.45,1.23,9.261905,0,8,23,
Bodega,7/28/2016,Night,5,9,3:07,36.6,41883,12.2,0.57,-7.7,11.835,7.277283629,2260.004498,-0.08687,1.55,0.866,9.916667,0,9,24,
Bodega,7/28/2016,Night,5,10,3:09,36.5,41383,11.9,1.06,-10,11.619,7.319313065,2379.920837,-0.08687,1.77,1.08,4.321429,0,10,25,
Bodega,7/28/2016,Night,5,11,3:26,36.6,41663,12.1,1.03,-4.2,11.037,7.220113999,2178.348743,-0.08687,2.34,1.4,19.79762,0,11,26,
Bodega,7/28/2016,Night,5,12,3:13,36.6,41791,12.2,0.9,-9.9,11.843,7.316138855,2254.896283,-0.08687,3.93,1.15,7,0,12,27,
Bodega,7/28/2016,Night,5,13,3:16,36.5,41914,12.3,1.3,-13.1,12.059,7.371330713,2229.148373,-0.08687,0.926,0.728,2.416667,0,13,28,
Bodega,7/28/2016,Night,5,14,3:23,36.6,42650,13.1,1.24,-10.8,12.784,7.326112662,2220.222082,-0.08687,1.88,0.867,3.190476,0,14,29,
Bodega,7/28/2016,Night,5,15,2:52,36.6,42070,12.5,1.12,-9.6,12.249,7.308298286,2197.726885,-0.08687,3.51,1.05,4.678571,0,15,30,
Bodega,7/28/2016,Night,5,Ocean,3:26,36.6,41368,11.8,8.03,-41.3,11.732,7.872321144,2246.519352,-0.08687,6.38,0.777,8.369048,0,Ocean,Ocean,
BobCreek,8/8/2016,Day,0,1,7:44,36.4,41571,12.2,2.71,-28.5,12.303,7.606252761,2174.029171,0.563103,1.62,1.38,1.46,0,16,31,
BobCreek,8/8/2016,Day,0,2,7:46,36.4,39732,10.3,6.93,-25.2,10.662,7.548753311,2120.568619,0.563103,5.78,0.84,5.88,0,17,32,
BobCreek,8/8/2016,Day,0,3,7:47,36.5,39458,9.8,6.31,-22.1,10.636,7.49371217,2101.148103,0.563103,12.2,1.36,13.58,0,18,33,
BobCreek,8/8/2016,Day,0,4,7:48,36.4,39134,9.7,5.46,-20.4,10.409,7.463555145,2097.10878,0.563103,13.6,1.34,16.27,0,19,34,
BobCreek,8/8/2016,Day,0,5,7:50,36.5,39494,10,1.54,-8.7,10.691,7.255773975,2060.507747,0.563103,7.78,1.33,18.58,0,20,35,
BobCreek,8/8/2016,Day,0,6,7:54,36.4,39064,9.6,2.66,-9.6,10.297,7.271544869,2142.320766,0.563103,12.1,1.37,28.32,0,21,36,
BobCreek,8/8/2016,Day,0,7,7:56,36.5,39430,9.9,4.62,-10.9,10.759,7.294866325,2152.783596,0.563103,8.19,1.42,14.15,0,22,37,
BobCreek,8/8/2016,Day,0,8,7:58,36.6,39575,10,7.93,-26.5,10.798,7.571765522,2180.475946,0.563103,4.73,0.979,4.6,0,23,38,
BobCreek,8/8/2016,Day,0,9,8:02,36.6,40857,11.2,2.51,-12.7,11.966,7.327199789,2370.722512,0.563103,1.12,1.08,6.01,0,24,39,
BobCreek,8/8/2016,Day,0,10,8:07,36.6,39865,10.2,4.43,-7.8,10.999,7.239989449,1992.245098,0.563103,7.38,1.27,11.91,0,25,40,
BobCreek,8/8/2016,Day,0,11,8:09,36.3,39616,10.3,4.57,-10.4,11.099,7.286150504,1983.452398,0.563103,7.89,1.45,9.86,0,26,41,
BobCreek,8/8/2016,Day,0,12,8:13,36.5,40301,10.8,2.96,-7.7,11.512,7.238539049,2127.928468,0.563103,3.71,1.36,11.33,0,27,42,
BobCreek,8/8/2016,Day,0,13,8:15,36.5,39842,10.4,3,-8.6,11.122,7.254249708,2121.614,0.465679,5.24,1.03,10.76,0,28,43,
BobCreek,8/8/2016,Day,0,14,8:17,36.3,40060,10.7,2.34,-5.8,11.562,7.204937866,2093.217,0.465679,8.15,1.58,19.6,0,29,44,
BobCreek,8/8/2016,Day,0,15,8:22,36.5,41728,12.3,2.2,-6.2,12.514,7.21268605,2358.773,0.465679,1.87,1.71,10.24,0,30,45,
BobCreek,8/8/2016,Day,0,Ocean,8:29,36.5,38846,9.3,9.5,-41.1,10.124,7.831870683,2237.672,0.465679,8.98,0.958,1.27,0,Ocean,Ocean,
BobCreek,8/8/2016,Day,1,1,8:45,36.4,41871,12.5,4.03,-19.9,12.547,7.454379264,2154.852,0.465679,0.828,1.16,1.72,1.4,16,31,
BobCreek,8/8/2016,Day,1,2,8:50,36.2,39818,10.6,6.71,-22.7,11.332,7.504159326,2044.378,0.465679,8.25,1.29,8.77,1.4,17,32,
BobCreek,8/8/2016,Day,1,3,8:51,36.6,40028,10.4,4.61,-18.4,11.315,7.427983211,2068.965,0.465679,10.9,1.37,15.18,1.4,18,33,
BobCreek,8/8/2016,Day,1,4,8:52,36.3,39422,10,3.53,-13.3,10.905,7.337511916,2115.678,0.465679,12.5,1.28,20.95,1.4,19,34,
BobCreek,8/8/2016,Day,1,5,8:55,36.4,40006,10.6,2.91,-8.8,11.361,7.257929731,2056.052,0.385941,8.56,1.62,14.79,1.4,20,35,
BobCreek,8/8/2016,Day,1,6,8:59,36.5,39636,10.1,2.7,-9.1,10.763,7.262916242,2128.333,0.385941,16.1,1.63,27.74,1.4,21,36,
BobCreek,8/8/2016,Day,1,7,9:03,36.6,40073,10.5,3.71,-10.7,11.111,7.291474882,2091.405,0.385941,9.53,1.61,15.18,1.4,22,37,
BobCreek,8/8/2016,Day,1,8,9:05,36.7,40128,10.4,9.27,-38.7,11.734,7.787083074,2121.745,0.385941,3.51,0.914,2.87,1.4,23,38,
BobCreek,8/8/2016,Day,1,9,9:08,36.7,41551,11.8,4.64,-25.2,12.64,7.547826878,2246.311,0.385941,0.202,0.886,4.22,1.4,24,39,
BobCreek,8/8/2016,Day,1,10,9:16,36.4,40535,11.1,5.6,-9.5,11.632,7.270467988,1926.018,0.385941,10,1.95,13.32,1.4,25,40,
BobCreek,8/8/2016,Day,1,11,9:18,36.4,40410,11,6.18,-13.5,11.701,7.341273287,1889.129,0.385941,13,2,9.47,1.4,26,41,
BobCreek,8/8/2016,Day,1,12,9:21,36.5,40968,11.4,4.03,-10.3,12.071,7.284824103,2091.434,0.116571,7.59,1.92,13.38,1.4,27,42,
BobCreek,8/8/2016,Day,1,13,9:24,36.5,40309,11,4.02,-14.4,11.792,7.357214871,2115.069,0.116571,8.7,1.21,10.5,1.4,28,43,
BobCreek,8/8/2016,Day,1,14,9:27,36.5,40927,11.4,2.91,-5.1,12.059,7.192932825,2018.211,0.116571,8.13,1.22,14.28,1.4,29,44,
BobCreek,8/8/2016,Day,1,15,9:32,36.6,42331,12.8,5.35,-6.9,12.951,7.225314168,2394.954,0.116571,2.27,1.53,11.85,1.4,30,45,
BobCreek,8/8/2016,Day,1,Ocean,9:38,36.2,38782,9.6,9.38,-46.9,11.084,7.933324397,2235.536,0.116571,15.4,1,1.97,1.4,Ocean,Ocean,
BobCreek,8/8/2016,Day,2,1,9:55,36.6,42792,13.1,6.45,-26.7,13.508,7.573765379,2134.776,0.116571,1.27,1.77,3.19,1.7,16,31,
BobCreek,8/8/2016,Day,2,2,9:58,36.4,41310,11.9,6.56,-31.1,13,7.651561734,1974.581,0.116571,11.2,1.4,8.45,1.7,17,32,
BobCreek,8/8/2016,Day,2,3,10:00,36.5,41352,11.7,6.31,-21.3,12.858,7.478997841,1967.007,0.116571,21.5,2.41,17.74,1.7,18,33,
BobCreek,8/8/2016,Day,2,4,10:01,36.5,40455,10.9,3.3,-12.9,12.032,7.330753978,2134.467,0.116571,16.8,1.77,27.36,1.7,19,34,
BobCreek,8/8/2016,Day,2,5,10:04,36.8,41558,11.6,5.26,-11.1,12.949,7.299297586,1947.308706,-0.97,12.4,2.78,18.77,1.7,20,35,
BobCreek,8/8/2016,Day,2,6,10:08,36.7,40499,10.7,4.4,-12.5,12.295,7.323766094,2127.226819,-0.97,21.9,2.46,38.06,1.7,21,36,
BobCreek,8/8/2016,Day,2,7,10:12,36.8,40907,11,4.09,-14.6,12.808,7.360929115,1972.840276,-0.97,9.54,1.91,11.91,1.7,22,37,
BobCreek,8/8/2016,Day,2,8,10:15,36.9,41538,11.6,15.52,-61.2,13.605,8.180047952,2033.525969,-0.97,4.7,1.24,4.47,1.7,23,38,
BobCreek,8/8/2016,Day,2,9,10:20,36.7,43350,13.6,16.78,-63.9,14.424,8.225136154,1986.914399,-0.97,1.94,1.14,4.92,1.7,24,39,
BobCreek,8/8/2016,Day,2,10,10:26,36.9,42364,12.4,9.85,-18.2,13.708,7.424309928,1773.265349,-0.97,9.35,3.64,11.46,1.7,25,40,
BobCreek,8/8/2016,Day,2,11,10:28,36.4,42847,13.4,12.03,-31.5,14.445,7.657305334,1724.671755,-0.97,7.49,2.2,7.81,1.7,26,41,
BobCreek,8/8/2016,Day,2,12,10:32,36.8,42430,12.6,6.24,-18.3,14.224,7.426015787,1921.41943,-0.97,5.96,1.74,13.77,1.7,27,42,
BobCreek,8/8/2016,Day,2,13,10:37,36.3,41402,12,7.02,-18.4,12.087,7.427947182,2051.734824,-0.97,6.33,1.09,12.68,1.7,28,43,
BobCreek,8/8/2016,Day,2,14,10:39,36.4,42570,13,5.48,-8.4,12.787,7.251648382,1926.443863,-0.97,9.72,1.29,23.26,1.7,29,44,
BobCreek,8/8/2016,Day,2,15,10:41,36.8,44286,14.4,10.97,-13.4,14.163,7.34007147,2343.250343,-0.97,3.43,1.59,13.96,1.7,30,45,
BobCreek,8/8/2016,Day,2,Ocean,10:47,36.3,39358,10.1,9.47,-54.1,11.812,8.059340564,2221.534093,-0.97,11.8,0.499,2.23,1.7,Ocean,Ocean,
BobCreek,8/8/2016,Day,3,1,10:55,36.6,44229,14.6,10.12,-41.2,15.016,7.826421458,2094,0.48,0.993,2.93,5.51,2.4,16,31,
BobCreek,8/8/2016,Day,3,2,10:57,36.4,43120,13.7,12.43,-46,14.51,7.911282906,1938.183,0.48,5.68,1.56,9.63,2.4,17,32,
BobCreek,8/8/2016,Day,3,3,11:00,36.5,43504,13.9,8.54,-28.9,15.548,7.610891001,1866.674,0.48,15.9,3.52,12.13,2.4,18,33,
BobCreek,8/8/2016,Day,3,4,11:02,36.6,41929,12.2,4.13,-15,13.391,7.368053302,2111.479,0.48,15,2.45,19.38,2.4,19,34,
BobCreek,8/8/2016,Day,3,5,11:05,36.6,42846,13.2,7.3,-9.7,13.799,7.27501467,1853.92,0.48,12.4,4.17,14.76,2.4,20,35,
BobCreek,8/8/2016,Day,3,6,11:07,36.7,41712,11.9,6.46,-16.5,12.718,7.394410857,2138.518,0.48,13.8,2.33,18.94,2.4,21,36,
BobCreek,8/8/2016,Day,3,7,11:10,36.8,41811,12,5.69,-17.7,12.108,7.415578873,1987.718,0.48,6.49,2.03,13.82,2.4,22,37,
BobCreek,8/8/2016,Day,3,8,11:13,36.9,42268,12.5,18.46,-78.1,14.683,8.473018786,1965.3,0.48,1.98,1.59,6.26,2.4,23,38,
BobCreek,8/8/2016,Day,3,9,11:15,36.8,44602,14.9,18.01,-84.6,15.472,8.58355155,1764.521,0.48,0.697,1.11,14.32,2.4,24,39,
BobCreek,8/8/2016,Day,3,10,11:18,36.5,43350,13.8,13.27,-28.2,14.431,7.599486919,1633.001,0.48,6.18,4.83,18.94,2.4,25,40,
BobCreek,8/8/2016,Day,3,11,11:20,36.3,43849,14.6,14.5,-39.7,15.157,7.799986214,1598.009,0.48,6.81,3.36,16.57,2.4,26,41,
BobCreek,8/8/2016,Day,3,12,11:23,36.6,43317,13.7,8.78,-20,14.498,7.455770488,1797.037,0.48,6.38,2.4,26.13,2.4,27,42,
BobCreek,8/8/2016,Day,3,13,11:26,36.5,42370,12.9,9.83,-25.2,13.554,7.547370355,2006.358,0.48,5.82,1.9,17.57,2.4,28,43,
BobCreek,8/8/2016,Day,3,14,11:30,36.7,43538,13.8,6.88,-10,14.56,7.280589282,1831.875,0.48,11.7,2.64,21.19,2.4,29,44,
BobCreek,8/8/2016,Day,3,15,11:32,37.1,45422,15.1,14.04,-25.9,14.735,7.559004121,2279.872,0.48,0.411,2.62,20.63,2.4,30,45,
BobCreek,8/8/2016,Day,3,Ocean,11:36,36.2,39477,10.2,9.42,-54.3,11.974,8.062508682,2188.914,0.48,6.07,0.874,10.94,2.4,Ocean,Ocean,
BobCreek,8/8/2016,Day,4,1,11:55,36.8,45751,15.8,12.71,-49.4,15.809,7.968225985,2030.817,0.48,0.147,1.43,13.44,2.2,16,31,
BobCreek,8/8/2016,Day,4,2,11:56,36.7,44768,14.9,14.55,-51.2,15.194,8.000933083,1752.895,0.48,6.37,2.11,17.57,2.2,17,32,
BobCreek,8/8/2016,Day,4,3,11:59,36.6,44544,14.9,9.08,-27.9,14.891,7.593906025,1732.046,0.48,13.5,3.3,26.51,2.2,18,33,
BobCreek,8/8/2016,Day,4,4,12:00,36.6,42804,13.1,4.42,-14.7,13.601,7.3628052,2081.866,0.48,16.9,3.26,30.63,2.2,19,34,
BobCreek,8/8/2016,Day,4,5,12:02,36.8,44122,14.2,6.78,-7.5,14.207,7.236604138,1703.116,0.48,9.63,3.48,23.94,2.2,20,35,
BobCreek,8/8/2016,Day,4,6,12:03,36.9,42153,12.2,5.46,-13,12.774,7.33272175,2156.085,0.48,16.7,3.49,36.88,2.2,21,36,
BobCreek,8/8/2016,Day,4,7,12:07,36.7,42794,13,10.26,-19.7,13.724,7.450660274,1892,0.2332,7.1,2.2,27.07,2.2,22,37,
BobCreek,8/8/2016,Day,4,8,12:12,36.8,43378,13.6,22.31,-87.6,14.884,8.638485487,1906.002,0.48,0.162,0.91,12.19,2.2,23,38,
BobCreek,8/8/2016,Day,4,9,12:15,37,45340,15.2,23.61,-86.5,14.958,8.61892282,1736.705,0.2332,0.624,1.76,19.19,2.2,24,39,
BobCreek,8/8/2016,Day,4,10,12:21,36.6,44004,14.4,15.2,-30.7,14.731,7.643036981,1495.535,0.48,3.89,3.72,22.32,2.2,25,40,
BobCreek,8/8/2016,Day,4,11,12:23,36.5,44695,15.1,14.56,-40.1,15.774,7.806075694,1457.238,0.48,3.79,2.71,20.38,2.2,26,41,
BobCreek,8/8/2016,Day,4,12,12:25,36.8,44378,14.5,7.29,-14.8,15.321,7.364734284,1660.107,0.48,7.73,2.82,26.94,2.2,27,42,
BobCreek,8/8/2016,Day,4,13,12:27,36.4,42272,13.4,11.4,-33.2,14.68,7.686855244,1952.303,0.48,4.11,1.79,22.19,2.2,28,43,
BobCreek,8/8/2016,Day,4,14,12:29,36.8,44040,14.2,7.34,-8.5,15.44,7.254723565,1793.893,0.48,3.46,1.24,25.88,2.2,29,44,
BobCreek,8/8/2016,Day,4,15,12:31,37,46212,16.1,15.29,-45.9,16.171,7.906521688,2119.246,0.48,0.372,1.68,30.26,2.2,30,45,
BobCreek,8/8/2016,Day,4,Ocean,12:36,36.3,40127,10.8,9.61,-52.2,12.874,8.023452361,2265.489,0.48,2.99,0.771,14.01,2.2,Ocean,Ocean,
BobCreek,8/8/2016,Day,5,1,12:44,36.9,46627,16.6,16.05,-60.7,16.962,8.162169666,1948.512,0.752,0.305,1.45,14.07,2.7,16,31,
BobCreek,8/8/2016,Day,5,2,12:46,36.7,45782,16,14.76,-54.5,16.283,8.056064104,1662.838,0.752,4.95,2.09,18.82,2.7,17,32,
BobCreek,8/8/2016,Day,5,3,12:47,36.6,45663,15.9,8.91,-26.3,15.819,7.565331357,1676.792,0.752,12.9,3.47,28.32,2.7,18,33,
BobCreek,8/8/2016,Day,5,4,12:49,36.6,43548,14,4.67,-15.3,14.61,7.373431418,2097.985,0.752,12.6,2.72,34.07,2.7,19,34,
BobCreek,8/8/2016,Day,5,5,12:51,36.4,43981,14.5,7.43,-7.3,15.298,7.233693004,1643.265,0.752,9.17,3.01,23.82,2.7,20,35,
BobCreek,8/8/2016,Day,5,6,12:53,36.7,43005,13.3,4.98,-15,14.2,7.368140587,2109.053,0.752,12.3,3.11,36.26,2.7,21,36,
BobCreek,8/8/2016,Day,5,7,12:56,37.2,43997,13.7,12.3,-21.4,14.8,7.480206392,1796.766,0.2332,3.72,2.13,19.82,2.7,22,37,
BobCreek,8/8/2016,Day,5,8,13:02,37.2,44054,13.8,24.68,-93.1,15.85,8.730208384,1868.392,0.752,0.42,0.784,14.19,2.7,23,38,
BobCreek,8/8/2016,Day,5,9,13:03,37,46678,16.3,17.68,-103,16.861,8.897525849,1559.543,0.752,0.705,0.877,14.13,2.7,24,39,
BobCreek,8/8/2016,Day,5,10,13:07,36.5,45044,15.4,15.59,-31.9,15.241,7.663557732,1377.525,0.752,2.86,3.91,22.13,2.7,25,40,
BobCreek,8/8/2016,Day,5,11,13:09,36.4,45824,16.2,14.41,-43.1,16.455,7.857275395,1357.271,0.752,5.69,3.18,21.76,2.7,26,41,
BobCreek,8/8/2016,Day,5,12,13:15,37.2,45471,15.2,7.54,-19.8,15.483,7.45204933,1560.849,0.752,4.22,1.72,26.13,2.7,27,42,
BobCreek,8/8/2016,Day,5,13,13:17,36.4,43832,14.4,13.42,-40.1,14.554,7.807852547,1902.096,0.752,2.54,1.54,15.51,2.7,28,43,
BobCreek,8/8/2016,Day,5,14,13:20,36.9,45649,15,7.01,-9.6,15.419,7.273925195,1691.852,0.752,5.47,1.51,37.38,2.7,29,44,
BobCreek,8/8/2016,Day,5,15,13:22,37.2,46954,16.6,18.71,-45.2,15.872,7.894861469,2082.286,0.752,0.014,1.28,30.76,2.7,30,45,
BobCreek,8/8/2016,Day,5,Ocean,13:29,36.3,40284,11.2,9.59,-52.4,12.806,8.027123888,2233.237,0.752,5.92,1.26,15.69,2.7,Ocean,Ocean,
BobCreek,8/10/2016,Night,0,1,21:47,37.3,45273,14.9,4.8,-21,15.042,7.473135091,2193.336,0.752,2.52,1.01,3.484,1.2,16,46,
BobCreek,8/10/2016,Night,0,2,21:50,36.6,40862,11.4,6.74,-16.8,12.162,7.399680553,2146.868,0.752,7.54,1.19,8.203,1.2,17,47,
BobCreek,8/10/2016,Night,0,3,21:53,36.7,40345,10.6,5.82,-15.5,11.788,7.376669965,2155.054,0.752,10.8,1.44,13.854,1.2,18,48,
BobCreek,8/10/2016,Night,0,4,21:54,36.7,40033,10.3,6.47,-20,11.579,7.456292683,2176.024,0.752,12.9,1.59,11.955,1.2,19,49,
BobCreek,8/10/2016,Night,0,5,21:57,36.8,41250,11.4,0.64,-2,12.702,7.138766116,2147.119,0.752,10.5,1.87,22.364,1.2,20,50,
BobCreek,8/10/2016,Night,0,6,22:00,36.6,40052,10.5,3.01,-8.8,11.925,7.258240611,2192.855,0.752,11.6,1.64,19.687,1.2,21,51,
BobCreek,8/10/2016,Night,0,7,22:03,36.6,40980,11.3,1.08,-2.8,12.673,7.152844753,2181.529,0.752,6.88,1.32,17.352,1.2,22,52,
BobCreek,8/10/2016,Night,0,8,22:07,36.8,41140,11.3,4.6,-14.1,12.749,7.352105732,2215.197,0.752,6,1.04,5.037,1.2,23,53,
BobCreek,8/10/2016,Night,0,9,22:12,38.5,45926,14.3,2.75,-14.4,14.554,7.357662316,1903.72,0.752,0.809,1.03,6.036,1.2,24,54,
BobCreek,8/10/2016,Night,0,10,22:16,36.4,41570,12.1,0.81,1,12.97,7.086174702,2126.904,0.752,6.8,1.6,9.813,1.2,25,55,
BobCreek,8/10/2016,Night,0,11,22:18,36.5,40671,11.1,1.34,0.7,12.474,7.090910141,2089.101,0.752,9.64,2.02,17.902,1.2,26,56,
BobCreek,8/10/2016,Night,0,12,22:21,36.7,42169,12.5,0.89,-5.9,13.48,7.208060669,2289.7,0.752,2.71,2.52,14.825,1.2,27,57,
BobCreek,8/10/2016,Night,0,13,22:27,36.5,41584,12,1.31,-6.3,12.912,7.214718939,2192.993,0.752,6.02,1.36,11.554,1.2,28,58,
BobCreek,8/10/2016,Night,0,14,22:28,36.6,42082,12.4,0.76,-2.6,13.207,7.149796642,2129.832,0.752,6.71,1.42,21.677,1.2,29,59,
BobCreek,8/10/2016,Night,0,15,22:31,36.6,43361,13.7,1.51,-8.3,14.187,7.250624666,2181.526,0.752,1.6,1.35,7.91,1.2,30,60,
BobCreek,8/10/2016,Night,0,Ocean,22:34,36.5,39610,10,8.89,-33,11.74,7.686241342,2247.379,0.752,10,1.23,5.582,1.2,Ocean,Ocean,
BobCreek,8/10/2016,Night,1,1,22:48,37,44839,14.7,3.58,-25.5,14.745,7.551996081,2200.168,0.07395,1.45,1.02,2.845,2.6,16,46,
BobCreek,8/10/2016,Night,1,2,22:51,36.4,41356,12,2.57,-12.2,12.455,7.318520657,2203.211,0.07395,8.4,1.54,10.794,2.6,17,47,
BobCreek,8/10/2016,Night,1,3,22:53,36.4,40581,11.1,1.14,-8.6,12.175,7.254842974,2173.737,0.07395,15.6,2.24,17.866,2.6,18,48,
BobCreek,8/10/2016,Night,1,4,22:56,36.6,40451,10.9,1.81,-9.8,11.914,7.275913988,2191.863,0.07395,10.4,1.51,21.217,2.6,19,49,
BobCreek,8/10/2016,Night,1,5,23:00,36.7,41162,11.4,0.66,-5.7,12.477,7.203838345,2207.38,0.07395,7.46,1.59,21.637,2.6,20,50,
BobCreek,8/10/2016,Night,1,6,23:04,36.5,40335,10.8,0.79,-6.5,11.708,7.217430095,2187.457,0.07395,10.9,1.58,28.01,2.6,21,51,
BobCreek,8/10/2016,Night,1,7,23:07,36.7,41301,11.5,0.57,-5.2,12.431,7.194981549,2211.678,0.07395,7.38,1.66,13.965,2.6,22,52,
BobCreek,8/10/2016,Night,1,8,23:10,36.7,41445,11.7,2.02,-8.1,12.361,7.246118729,2237.581,0.07395,5.06,1.36,3.254,2.6,23,53,
BobCreek,8/10/2016,Night,1,9,23:13,36.7,45727,13.9,2.31,-11.9,14.134,7.313751704,1971.695,0.07395,0,1.14,8.375,2.6,24,54,
BobCreek,8/10/2016,Night,1,10,23:17,36.5,41503,12,0.67,-3.5,12.779,7.165277256,2143.531,0.07395,6.57,1.46,12.167,2.6,25,55,
BobCreek,8/10/2016,Night,1,11,23:21,36.5,41035,11.5,0.75,-1.2,12.206,7.124166606,2174.284,0.07395,12.1,2.66,20.659,2.6,26,56,
BobCreek,8/10/2016,Night,1,12,23:22,36.6,42179,12.5,0.7,-11.5,13.092,7.306393151,2396.1405,0.07395,1.88,5.42,15.865,2.6,27,57,
BobCreek,8/10/2016,Night,1,13,23:25,36.6,41927,12.2,0.64,-8.2,12.685,7.248066472,2184.863,0.07395,5.39,1.39,13.46,2.6,28,58,
BobCreek,8/10/2016,Night,1,14,23:27,36.6,42144,12.5,0.68,-6.4,12.887,7.216464129,2155.472,0.07395,6.76,2.02,23.738,2.6,29,59,
BobCreek,8/10/2016,Night,1,15,23:30,36.7,43526,13.7,0.82,-8.2,13.71,7.248623072,2263.758,0.07395,1.86,1.83,11.925,2.6,30,60,
BobCreek,8/10/2016,Night,1,Ocean,23:35,36.4,39336,9.9,8.74,-34.6,11.16,7.715153963,2206.973,0.07395,8.45,1.21,1.607,2.6,Ocean,Ocean,
BobCreek,8/10/2016,Night,2,1,23:48,37.1,44470,14.3,2.35,-19.5,14.184,7.447067638,2203.491,0.07395,1.19,1.25,1.696,3,16,46,
BobCreek,8/10/2016,Night,2,2,23:52,36,40620,12,1.34,-7.4,12.322,7.233738441,2235.55,0.07395,6.9,1.67,12.926,3,17,47,
BobCreek,8/10/2016,Night,2,3,23:55,36.5,40842,11.3,0.82,-5.3,11.882,7.196332518,2212.86,0.07395,14.5,2.16,21.788,3,18,48,
BobCreek,8/10/2016,Night,2,4,23:56,36.6,40552,10.9,0.91,-7.4,11.865,7.233452596,2177.682,0.07395,14.1,1.92,24.467,3,19,49,
BobCreek,8/10/2016,Night,2,5,23:58,36.6,41209,11.6,0.71,-5.3,12.168,7.196549191,2237.095,0.07395,4.27,1.53,21.345,3,20,50,
BobCreek,8/11/2016,Night,2,6,0:02,36.7,40516,10.8,0.5,-6.3,11.54,7.213772871,2205.529,0.07395,15.6,1.87,29.886,3,21,51,
BobCreek,8/11/2016,Night,2,7,0:03,36.7,41311,11.6,0.48,-5.5,12.273,7.200159553,2245.068,0.07395,5.71,1.63,14.663,3,22,52,
BobCreek,8/11/2016,Night,2,8,0:08,36.6,41469,11.8,1.07,-6.4,12.521,7.216219219,2254.534,0.07395,4.93,1.35,4.618,3,23,53,
BobCreek,8/11/2016,Night,2,9,0:10,38.8,45468,13.7,1.36,-9.8,13.692,7.276725216,1965.996,0.07395,1.74,1.47,7.776,3,24,54,
BobCreek,8/11/2016,Night,2,10,0:19,36.5,41618,12.1,0.59,-1.3,12.641,7.12636461,2167.406,0.07395,11.1,1.77,15.571,3,25,55,
BobCreek,8/11/2016,Night,2,11,0:21,36.5,41634,11.5,0.78,-0.8,12.345,7.117245062,2177.959,0.07395,15.6,2.44,23.434,3,26,56,
BobCreek,8/11/2016,Night,2,12,0:23,36.5,42053,12.5,0.53,-9.6,13.046,7.272919408,2493.581,0.07395,1.48,3.54,15.373,3,27,57,
BobCreek,8/11/2016,Night,2,13,0:32,36.6,41832,12.2,0.64,-6,12.671,7.209267074,2206.133,0.07395,9.2,1.87,12.696,3,28,58,
BobCreek,8/11/2016,Night,2,14,0:34,36.6,42176,12.6,0.73,-5.5,12.909,7.200622642,2179.91,0.07395,8.63,2.19,26.014,3,29,59,
BobCreek,8/11/2016,Night,2,15,0:36,36.8,43295,13.4,0.77,-7.3,13.63,7.232764602,2290.066,0.07395,1.39,2.76,14.811,3,30,60,
BobCreek,8/11/2016,Night,2,Ocean,0:40,36.1,38808,9.7,8.61,-34.3,10.802,7.710202408,2303.55,0.07395,17,1.91,4.405,3,Ocean,Ocean,
BobCreek,8/11/2016,Night,3,1,0:49,37,44362,14.2,1.9,-15.3,14.14,7.373397493,2208.819,0.385,0.793,1.2,2.346,1.8,16,46,
BobCreek,8/11/2016,Night,3,2,0:51,36.5,41417,11.9,0.84,-4.9,12.356,7.189629497,2210.751,0.385,10.3,1.83,14.868,1.8,17,47,
BobCreek,8/11/2016,Night,3,3,0:55,36.6,40940,11.3,0.63,-5.6,12.018,7.201737726,2284.002,0.385,20.4,2.7,23.152,1.8,18,48,
BobCreek,8/11/2016,Night,3,4,0:58,36.6,40639,11,0.6,-6.9,11.799,7.224567576,2222.442,0.385,19.4,2.2,24.783,1.8,19,49,
BobCreek,8/11/2016,Night,3,5,0:59,36.6,41325,11.7,0.49,-5.9,12.549,7.207418068,2261.219,0.385,5.29,2.48,27.105,1.8,20,50,
BobCreek,8/11/2016,Night,3,6,1:02,36.7,40472,10.8,0.46,-7.7,11.717,7.238666225,2225.842,0.385,17.4,2.26,31.961,1.8,21,51,
BobCreek,8/11/2016,Night,3,7,1:04,36.6,41387,11.8,0.43,-5.5,12.476,7.200308711,2245.098,0.385,6.14,1.56,12.126,1.8,22,52,
BobCreek,8/11/2016,Night,3,8,1:10,36.6,41638,12,0.72,-5.4,12.526,7.198581109,2286.512,0.385,5.44,1.35,2.36,1.8,23,53,
BobCreek,8/11/2016,Night,3,9,1:12,38.8,45211,13.6,1.23,-5.5,13.575,7.201093905,2031.987,0.385,0,1.78,10.119,1.8,24,54,
BobCreek,8/11/2016,Night,3,10,1:16,36.5,41535,12.1,0.46,-1.9,12.524,7.136834014,2211.364,0.385,10.3,1.81,15.308,1.8,25,55,
BobCreek,8/11/2016,Night,3,11,1:20,36.5,41169,11.6,0.58,0.6,12.072,7.092226307,2200.867,0.385,14.6,1.87,21.77,1.8,26,56,
BobCreek,8/11/2016,Night,3,12,1:23,36.6,42010,12.4,0.54,-7.9,12.856,7.242875236,2581.173,0.385,1.09,6.33,14.97,1.8,27,57,
BobCreek,8/11/2016,Night,3,13,1:26,36.5,41868,12.3,0.57,-5.9,12.622,7.207469434,2240.002,0.385,7.93,1.63,10.951,1.8,28,58,
BobCreek,8/11/2016,Night,3,14,1:28,36.6,42228,12.6,0.64,-5.7,12.867,7.204116537,2212.562,0.385,9.25,2.22,23.123,1.8,29,59,
BobCreek,8/11/2016,Night,3,15,1:30,36.6,43077,13.4,0.67,-6.2,13.545,7.213378133,2323.83,0.385,0.686,1.8,11.7,1.8,30,60,
BobCreek,8/11/2016,Night,3,Ocean,1:35,36.4,39155,9.7,8.65,-35,10.784,7.722645581,2268.105,0.385,11.1,1.03,1.671,1.8,Ocean,Ocean,
BobCreek,8/11/2016,Night,4,1,1:49,37.1,44273,14,1.2,-13.3,13.867,7.3382566,2202.517,0.385,0.0347,0.913,0.463,0,16,46,
BobCreek,8/11/2016,Night,4,2,1:52,36.4,41625,12.2,0.73,-4.9,12.418,7.189677329,2254.442,0.385,8.15,1.47,13.784,0,17,47,
BobCreek,8/11/2016,Night,4,3,1:56,36.5,40976,11.5,0.67,-4.6,11.92,7.183986156,2336.937,0.385,14.8,2.33,28.719,0,18,48,
BobCreek,8/11/2016,Night,4,4,1:57,36.6,40766,11.2,0.57,-6,11.764,7.208624488,2242.979,0.385,15.8,1.84,32.867,0,19,49,
BobCreek,8/11/2016,Night,4,5,1:59,36.4,41240,11.8,0.45,-4.6,12.245,7.184245914,2290.558,0.385,2.83,2.56,28.283,0,20,50,
BobCreek,8/11/2016,Night,4,6,2:04,36.6,40625,11,0.26,-8.7,11.373,7.256165137,2233.511,0.385,15.6,2.88,32.158,0,21,51,
BobCreek,8/11/2016,Night,4,7,2:05,36.7,41532,11.8,0.36,-3.7,12.338,7.168431868,2283.842,0.385,4.19,1.77,14.5,0,22,52,
BobCreek,8/11/2016,Night,4,8,2:08,36.7,41664,12,0.39,-2.7,12.395,7.150830531,2333.949,0.385,4.39,1.48,5.647,0,23,53,
BobCreek,8/11/2016,Night,4,9,2:11,39.1,45749,13.5,1.08,-2.5,13.474,7.14827396,2043.016,0.385,0,1.4,8.344,0,24,54,
BobCreek,8/11/2016,Night,4,10,2:15,36.4,41694,12.2,0.51,-0.8,12.393,7.117294286,2207.28,0.385,7.57,1.88,16.228,0,25,55,
BobCreek,8/11/2016,Night,4,11,2:19,36.3,41307,11.7,0.31,-0.1,12.113,7.104639187,2207.402,0.385,12.5,2.07,23.92,0,26,56,
BobCreek,8/11/2016,Night,4,12,2:22,36.6,42073,12.5,0.42,-8.5,12.739,7.253385101,2630.826,0.78,1.35,5.29,15.557,0,27,57,
BobCreek,8/11/2016,Night,4,13,2:24,36.6,41970,12.4,0.49,-6,12.462,7.209121182,2258.662,0.78,4.68,1.26,10.729,0,28,58,
BobCreek,8/11/2016,Night,4,14,2:27,36.6,42280,12.7,0.65,-5.6,12.687,7.20222557,2231.919,0.78,7.46,2.18,30.873,0,29,59,
BobCreek,8/11/2016,Night,4,15,2:29,36.7,43182,13.5,0.55,-6.1,13.319,7.211470044,2371.724,0.78,0,1.97,12.83,0,30,60,
BobCreek,8/11/2016,Night,4,Ocean,2:34,36.3,38894,9.5,8.46,-32.8,10.379,7.68397035,2438.544,0.78,14.4,1.42,1.391,0,Ocean,Ocean,
BobCreek,8/11/2016,Night,5,1,2:48,37,43992,13.9,1.21,-11.9,13.699,7.31362384,2271.659,0.78,0,1.02,0.078,0,16,46,
BobCreek,8/11/2016,Night,5,2,2:52,36.6,41556,11.9,0.82,-4.3,12.083,7.178816166,2207.042,0.78,8.88,1.84,16.801,0,17,47,
BobCreek,8/11/2016,Night,5,3,2:55,36.5,40881,11.4,0.76,-3.5,11.609,7.164266538,2380.671,0.78,18.2,2.8,25.989,0,18,48,
BobCreek,8/11/2016,Night,5,4,2:57,36.5,40677,11.1,0.71,-5.6,11.28,7.201184335,2276.529,0.78,17.6,2.06,29.62,0,19,49,
BobCreek,8/11/2016,Night,5,5,3:00,36.6,41269,11.7,0.47,-2.7,11.877,7.150356414,2369.707,0.78,0.873,2.62,26.572,0,20,50,
BobCreek,8/11/2016,Night,5,6,3:03,36.6,40637,11,0.44,-8.1,11.218,7.245443715,2282.808,0.78,9.49,2.42,32.847,0,21,51,
BobCreek,8/11/2016,Night,5,7,3:05,36.6,41440,11.8,0.55,-4.2,12.063,7.177032791,2325.231,0.78,3.38,2.31,15.351,0,22,52,
BobCreek,8/11/2016,Night,5,8,3:09,36.6,41585,12,0.61,-2.9,12.21,7.154194361,2400.913,0.78,3.76,1.92,8.864,0,23,53,
BobCreek,8/11/2016,Night,5,9,3:12,38.9,45214,13.2,0.8,-1.9,13.195,7.137465809,2082.009,0.78,0,1.21,6.762,0,24,54,
BobCreek,8/11/2016,Night,5,10,3:16,36.4,41506,12.1,0.62,0.9,12.118,7.086977857,2247.772,0.78,6.66,1.95,17.494,0,25,55,
BobCreek,8/11/2016,Night,5,11,3:19,36.4,41112,11.7,0.53,-0.8,11.991,7.116879758,2250.228,0.78,11.8,2.45,25.383,0,26,56,
BobCreek,8/11/2016,Night,5,12,3:22,36.6,41787,12.2,0.59,-9.1,12.435,7.263808261,2712.363,0.78,1.91,6.79,14.251,0,27,57,
BobCreek,8/11/2016,Night,5,13,3:25,36.6,41892,12.3,0.57,-6.2,12.225,7.212486165,2279.519,0.78,4.94,1.74,11.57,0,28,58,
BobCreek,8/11/2016,Night,5,14,3:29,36.6,42125,12.5,0.7,-6.5,12.404,7.21790497,2259.275,0.78,5.82,2.31,29.065,0,29,59,
BobCreek,8/11/2016,Night,5,15,3:31,36.9,43076,13.1,0.51,-5.3,13.046,7.197198861,2439.843,0.78,0,2.33,16.544,0,30,60,
BobCreek,8/11/2016,Night,5,Ocean,3:35,36.5,38747,9.2,9.09,-35.8,9.983,7.737733846,2443.004,0.78,13.7,1.47,1.106,0,Ocean,Ocean,
CDM,9/16/2016,Day,0,1,13:15,34.6,48615,21.2,8.96,-63.8,22.242,8.181706193,2183.075,0.78,0,0.42,1.183908,0.3,31,61,
CDM,9/16/2016,Day,0,2,13:10,34.8,47867,20.1,9.18,-64.4,21.831,8.1967557,2168.711,0.78,0.625,0.403,1.298851,0.3,32,62,
CDM,9/16/2016,Day,0,3,13:22,34.9,47450,19.6,10.11,-67.4,20.892,8.259190342,2177.02,0.78,0.39,0.404,1.643678,0.3,33,63,
CDM,9/16/2016,Day,0,4,13:23,34.9,49268,21.4,10.26,-65.1,22.392,8.202124527,2179.448,0.78,0.377,0.431,1.701149,0.3,34,64,
CDM,9/16/2016,Day,0,5,13:25,34.9,48270,20.4,8.86,-63.8,21.88,8.185932344,2202.895,0.78,0,0.4,0.954023,0.3,35,65,
CDM,9/16/2016,Day,0,6,13:26,35,49469,21.6,9.39,-65.2,22.384,8.203923746,2166.105,0.78,0.467,0.424,1.241379,0.3,36,66,
CDM,9/16/2016,Day,0,7,13:29,35.4,48714,20.3,12.54,-67.8,21.477,8.259064061,2196.964,0.06,0.754,0.469,4.402299,0.3,,,
CDM,9/16/2016,Day,0,8,13:32,35.1,51440,23.4,12.03,-68.7,24.465,8.23881178,2061.566,0.06,0.479,0.396,3.655172,0.3,37,67,
CDM,9/16/2016,Day,0,9,13:34,35.2,51460,23.1,13.29,-73.2,23.704,8.324262891,2101.292,0.06,0.488,0.386,2.275862,0.3,38,68,
CDM,9/16/2016,Day,0,10,13:39,35.2,50054,21.8,12.06,-73.8,22.984,8.34324075,2157.824,0.06,0.345,0.387,2.505747,0.3,39,69,
CDM,9/16/2016,Day,0,11,13:42,35.2,50335,22.1,10.27,-70,22.763,8.281224075,2160.575,0.06,0.137,0.417,2.045977,0.3,40,70,
CDM,9/16/2016,Day,0,12,13:46,35.4,50020,23.4,13.05,-77.5,23.43,8.400666629,2093.692,0.06,0.44,0.434,1.816092,0.3,41,71,
CDM,9/16/2016,Day,0,13,13:47,35,50996,22.9,11.55,-73.9,23.654,8.336757219,2087.257,0.06,0.494,0.414,1.758621,0.3,42,72,
CDM,9/16/2016,Day,0,14,13:50,35.2,48460,20.5,9.75,-72.9,21.995,8.339976388,2178.673,0.06,0.181,0.409,1.356322,0.3,43,73,
CDM,9/16/2016,Day,0,15,13:53,34.9,49524,21.7,9.44,-67.5,22.593,8.240663853,2177.012,0.06,0.178,0.396,1.413793,0.3,44,74,
CDM,9/16/2016,Day,0,Ocean,13:55,34.9,47528,19.7,9.65,-67.8,21.346,8.260626544,2186.95,0.06,0.209,0.407,1.183908,0.3,Ocean,Ocean,
CDM,9/16/2016,Day,1,1,14:01,35.2,50973,22.7,12.83,-73.8,23.634,8.335303237,2062.505,0.06,0.155,0.427,2.16092,1.6,31,61,
CDM,9/16/2016,Day,1,2,14:02,35.1,48801,20.8,9.88,-69.1,22.215,8.272454003,2140.26,0.06,0.647,0.467,1.356322,1.6,32,62,
CDM,9/16/2016,Day,1,3,14:05,35.1,48960,20.8,12.13,-71.8,21.691,8.324885279,2134.252,0.06,1.21,0.497,2.563218,1.6,33,63,
CDM,9/16/2016,Day,1,4,14:06,35,50837,22.4,11.53,-67.5,23.438,8.230643059,2089.782,0.06,0.556,0.455,1.988506,1.6,34,64,
CDM,9/16/2016,Day,1,5,14:09,35.3,50624,22.5,9.41,-67.7,23.663,8.231374212,2157.677,0.06,0,0.447,1.068966,1.6,35,65,
CDM,9/16/2016,Day,1,6,14:11,35.4,52653,24.1,9.77,-67.8,24.837,8.219170276,2095.068,0.06,0.485,0.475,2.16092,1.6,36,66,
CDM,9/16/2016,Day,1,7,14:14,36,52137,22.9,13.23,-72.2,22.81,8.318122276,2053.061,0.06,1.02,0.497,6.068966,1.6,,,
CDM,9/16/2016,Day,1,8,14:16,35.2,55165,24.9,12.88,-71,24.616,8.275945112,1912.456,0.06,0.715,0.477,5.551724,1.6,37,67,
CDM,9/16/2016,Day,1,9,14:20,35.3,53943,25.4,14.52,-78.6,25.201,8.397300892,1979.618,-0.57,0.341,0.464,2.16092,1.6,38,68,
CDM,9/16/2016,Day,1,10,14:23,35.3,52673,24.3,12.66,-77.7,23.845,8.398909027,2069.134,-0.57,0.497,0.458,2.62069,1.6,39,69,
CDM,9/16/2016,Day,1,11,14:26,35.6,53027,24.2,12.09,-72.9,23.883,8.316995741,2128.377,-0.57,0.309,0.48,2.103448,1.6,40,70,
CDM,9/16/2016,Day,1,12,14:29,35.4,53140,24.4,13.53,-77.3,24.316,8.386286712,1982.688,-0.57,0.211,0.484,1.816092,1.6,41,71,
CDM,9/16/2016,Day,1,13,14:31,35.4,52990,24.5,12.78,-76.9,24.789,8.373667825,2018.159,-0.57,0.781,0.453,1.816092,1.6,42,72,
CDM,9/16/2016,Day,1,14,14:33,35.3,50546,22.2,12.97,-80.8,23.871,8.451185885,2103.711,-0.57,0.304,0.428,1.356322,1.6,43,73,
CDM,9/16/2016,Day,1,15,14:36,35,51214,23.2,9.97,-69.5,23.4,8.265082446,2139.817,-0.57,0.266,0.433,1.528736,1.6,44,74,
CDM,9/16/2016,Day,1,Ocean,14:38,34.9,47291,19.5,9.12,-66.5,20.823,8.244583837,2207.011,-0.57,0,0.425,0.494253,1.6,Ocean,Ocean,
CDM,9/16/2016,Day,2,1,14:44,35,51680,23.8,12.29,-75.9,24.045,8.365902178,1992.369,-0.57,0.505,0.47,2.678161,2.4,31,61,
CDM,9/16/2016,Day,2,2,14:48,35.2,49411,21.5,10.51,-68.5,22.234,8.261989457,2122.877,-0.57,0.838,0.419,1.413793,2.4,32,62,
CDM,9/16/2016,Day,2,3,14:52,35.2,49622,21.4,13.68,-76.4,22.369,8.395103488,2050.259,-0.57,1.03,0.443,1.873563,2.4,33,63,
CDM,9/16/2016,Day,2,4,14:54,35.4,52165,23.7,12.56,-69.3,23.451,8.261074074,2030.021,-0.57,1.11,0.461,2.045977,2.4,34,64,
CDM,9/16/2016,Day,2,5,14:57,35.2,53202,24.9,11.47,-71.2,25.186,8.272480163,2066.299,-0.57,0.113,0.435,1.643678,2.4,35,65,
CDM,9/16/2016,Day,2,6,14:58,35.4,53841,25.2,10.79,-71.5,25.331,8.275804354,2065.783,-0.57,0.151,0.47,1.873563,2.4,36,66,
CDM,9/16/2016,Day,2,7,15:00,36.7,53607,23.2,11.93,-84.1,24.878,8.494323607,1919.959,-0.57,0.467,0.473,3.137931,2.4,,,
CDM,9/16/2016,Day,2,8,15:04,35.2,53406,25,12.99,-72,24.414,8.295309112,1824.537,-0.57,1.04,0.461,6.816092,2.4,37,67,
CDM,9/16/2016,Day,2,9,15:06,35.2,54378,26.1,16.66,-84.2,25.63,8.486430959,1962.345,-0.57,0.571,0.43,1.931034,2.4,38,68,
CDM,9/16/2016,Day,2,10,15:08,35.6,53405,24.5,11.89,-85.3,25.397,8.507967567,1987.776,-0.57,0.668,0.466,1.988506,2.4,39,69,
CDM,9/16/2016,Day,2,11,15:13,36,54069,24.7,11.92,-73.8,25.064,8.317884994,2054.005,-0.57,0.47,0.47,2.678161,2.4,40,70,
CDM,9/16/2016,Day,2,12,15:15,35.8,54259,25.1,13.38,-81.6,25.986,8.438095853,1995.392,-0.57,0.285,0.482,2.045977,2.4,41,71,
CDM,9/16/2016,Day,2,13,15:19,35.3,54006,25.5,13.03,-77.8,24.558,8.391755713,1944.297,-0.57,1.1,0.481,1.988506,2.4,42,72,
CDM,9/16/2016,Day,2,14,15:22,36.5,51767,21.9,8.57,-80,23.404,8.443475477,2069.478,-0.57,0.67,0.456,1.413793,2.4,43,73,
CDM,9/16/2016,Day,2,15,15:26,35.2,52018,23.5,10.34,-70.6,23.918,8.277551349,2144.824,-0.57,0.277,0.441,1.471264,2.4,44,74,
CDM,9/16/2016,Day,2,Ocean,15:27,34.9,47467,19.7,9.07,-67.3,21.637,8.248608356,2207.605,-0.57,0.0192,0.438,0.436782,2.4,Ocean,Ocean,
CDM,9/16/2016,Day,3,1,15:34,35.6,51306,22.7,11.06,-76.2,24.103,8.370274628,1942.689,-0.49936,1.26,0.747,1.89,1.4,31,61,
CDM,9/16/2016,Day,3,2,15:36,35.1,49618,21.6,10.94,-67.5,22.316,8.243953485,2109.06,-0.49936,2.38,0.709,1.89,1.4,32,62,
CDM,9/16/2016,Day,3,3,15:40,35.4,50839,22.3,14.64,-78.9,23.295,8.426144456,2116.078,-0.49936,1.54,0.606,1.44,1.4,33,63,
CDM,9/16/2016,Day,3,4,15:42,35.5,53096,24.3,11.62,-67.5,23.933,8.224782463,2023.943,-0.49936,1.96,0.641,2.19,1.4,34,64,
CDM,9/16/2016,Day,3,5,15:45,35.6,54852,25.9,12.78,-74.9,26.12,8.323581933,2013.379,-0.49936,0.295,0.531,2.11,1.4,35,65,
CDM,9/16/2016,Day,3,6,15:47,35.6,54546,25.6,11.25,-73.1,26.196,8.292350574,1986.62,-0.49936,0.43,0.569,1.81,1.4,36,66,
CDM,9/16/2016,Day,3,7,15:50,36.4,54832,21.9,14.42,-92.2,27.15,8.601367961,1969.852,-0.49936,0.816,0.549,0.85,1.4,,,
CDM,9/16/2016,Day,3,8,15:55,35.3,53211,24.8,12.76,-73.7,25.207,8.314457133,1838.185,-0.49936,1.63,0.567,3.67,1.4,37,67,
CDM,9/16/2016,Day,3,9,15:56,35.4,54780,26.1,15.89,-86.2,26.545,8.508424626,1894.848,-0.49936,0.588,0.567,1.22,1.4,38,68,
CDM,9/16/2016,Day,3,10,15:58,35.5,54646,25.9,13.1,-84.7,25.424,8.497494285,1888.592,-0.49936,1.26,0.609,2.78,1.4,39,69,
CDM,9/16/2016,Day,3,11,16:01,35.5,54572,25.8,11.5,-74.4,25.767,8.319458555,2056.739,-0.49936,0.662,0.588,2.04,1.4,40,70,
CDM,9/16/2016,Day,3,12,16:04,35.5,53214,24.5,10.59,-78.3,24.825,8.396902114,1923.727,-0.49936,0.535,0.567,1.44,1.4,41,71,
CDM,9/16/2016,Day,3,13,16:06,35.3,53501,25.1,12.1,-77.3,24.862,8.379531276,1921.211,-0.49936,1.47,0.636,1.89,1.4,42,72,
CDM,9/16/2016,Day,3,14,16:08,36.1,50711,21.4,9.4,-84.5,24.722,8.503080664,2003.756,-0.49936,0.636,0.551,1,1.4,43,73,
CDM,9/16/2016,Day,3,15,16:12,35.2,51966,23.7,10.43,-71.5,24.062,8.291083249,2121.286,-0.49936,0.786,0.539,1.37,1.4,44,74,
CDM,9/16/2016,Day,3,Ocean,16:14,34.9,47250,19.5,8.89,-66.4,21.081,8.239809142,2205.079,-0.49936,0.109,0.532,0.26,1.4,Ocean,Ocean,
CDM,9/16/2016,Day,4,1,16:20,35.5,50267,21.7,8.24,-69.3,22.802,8.26883544,1890.397,-0.49936,0.941,0.687,1.81,1.2,31,61,
CDM,9/16/2016,Day,4,2,16:21,35.1,49583,21.5,10.76,-67.9,22.29,8.251085762,2085.38,-0.49936,2.4,0.695,1.81,1.2,32,62,
CDM,9/16/2016,Day,4,3,16:25,35.7,51379,22.5,15.08,-81.3,23.131,8.469019701,1966.022,-0.49936,2.78,0.782,2.19,1.2,33,63,
CDM,9/16/2016,Day,4,4,16:26,35.5,52640,23.9,11.03,-65.7,23.225,8.202558685,1959.691,-0.49936,0.932,0.643,3.37,1.2,34,64,
CDM,9/16/2016,Day,4,5,16:29,35.4,54736,25,13.39,-74.5,25.499,8.324410232,1936.165,-0.49936,1.41,0.628,2.48,1.2,35,65,
CDM,9/16/2016,Day,4,6,16:32,35.5,54143,25.4,11.07,-73.8,25.437,8.313350924,1912.802,-0.49936,0.697,0.621,1.59,1.2,36,66,
CDM,9/16/2016,Day,4,7,16:33,35.9,54422,25.2,12.33,-75.8,24.21,8.362176771,1869,-0.49936,0.807,0.62,2.33,1.2,,,
CDM,9/16/2016,Day,4,8,16:36,35.4,52430,23.9,11.26,-70.7,23.824,8.280377466,1763.651,-0.49936,0.912,0.615,4.04,1.2,37,67,
CDM,9/16/2016,Day,4,9,16:38,35.4,53645,25.1,14.52,-83.3,24.648,8.483718243,1848.045,-0.49936,1.94,0.573,1.67,1.2,38,68,
CDM,9/16/2016,Day,4,10,16:41,35.4,54166,25.6,14.06,-86.5,25.172,8.531121193,1888.807,-0.49936,1.59,0.645,2.33,1.2,39,69,
CDM,9/16/2016,Day,4,11,16:43,35.4,54406,25.7,11.41,-75.1,25.415,8.335562123,2016.523,-0.49936,0.48,0.594,1.74,1.2,40,70,
CDM,9/16/2016,Day,4,12,16:46,36,52780,23.5,11.53,-75,24.162,8.349206293,1873.24,0.024,2.77,0.68,1.22,1.2,41,71,
CDM,9/16/2016,Day,4,13,16:48,35.5,52655,24,10.68,-75.1,23.74,8.356077729,1885.563,0.024,1.55,0.608,1,1.2,42,72,
CDM,9/16/2016,Day,4,14,16:50,35.5,52054,23.4,12.49,-78.2,23.636,8.409995607,1951.688,0.024,1.71,0.602,0.85,1.2,43,73,
CDM,9/16/2016,Day,4,15,16:51,35.3,51632,25.3,10.36,-72.1,23.463,8.308505454,2068.759,0.024,0.75,0.515,0.93,1.2,44,74,
CDM,9/16/2016,Day,4,Ocean,16:53,34.9,47350,19.5,9.19,-65.6,21.138,8.225433152,2248.918,0.024,0.0497,0.534,0.33,1.2,Ocean,Ocean,
CDM,9/16/2016,Day,5,1,17:03,35.3,50090,21.8,5.43,-61.7,22.588,8.141883901,1881.795,0.024,0.626,0.63,2.19,0.5,31,61,
CDM,9/16/2016,Day,5,2,17:08,35.1,49626,21.5,9.44,-64.6,22.328,8.194347783,1972.87,0.024,1.92,0.564,2.04,0.5,32,62,
CDM,9/16/2016,Day,5,3,17:09,35.3,51260,22.8,14.71,-70.1,22.242,8.289191887,1875.937,0.024,2.63,0.638,2.48,0.5,33,63,
CDM,9/16/2016,Day,5,4,17:10,35.4,51935,23.4,9.46,-61,23.383,8.120823438,1983.099,0.024,1.85,0.579,2.85,0.5,34,64,
CDM,9/16/2016,Day,5,5,17:13,35.5,53687,25.1,12.64,-77.2,24.8,8.378606465,1901.48,0.024,1.51,0.579,1.89,0.5,35,65,
CDM,9/16/2016,Day,5,6,17:15,35.6,53078,24.2,10.19,-73.5,24.694,8.317310038,1923.699,0.024,0.352,0.579,2.19,0.5,36,66,
CDM,9/16/2016,Day,5,7,17:17,35.8,54247,25,12.46,-74,24.068,8.333401912,1769.144,0.024,0.454,0.611,4.19,0.5,,,
CDM,9/16/2016,Day,5,8,17:21,35.4,51370,23.8,10.19,-68.1,23.373,8.241610833,1773.676,0.2332,0.313,0.54,5.3,0.5,37,67,
CDM,9/16/2016,Day,5,9,17:22,35.4,52507,24,12.39,-82.6,24.293,8.476372431,1818.121,0.024,1.75,0.582,2.04,0.5,38,68,
CDM,9/16/2016,Day,5,10,17:24,35.3,53311,24.9,12.92,-87.5,24.561,8.55592325,1861.091,0.024,1.35,0.609,1.15,0.5,39,69,
CDM,9/16/2016,Day,5,11,17:27,35.3,53716,25.1,10.81,-74.5,24.904,8.331667225,1995.684,0.024,0.698,0.59,1.74,0.5,40,70,
CDM,9/16/2016,Day,5,12,17:28,35.4,51366,22.9,8.86,-73.6,23.452,8.334126088,1849.987,0.024,0.576,0.586,1.3,0.5,41,71,
CDM,9/16/2016,Day,5,13,17:31,35.4,51599,23.1,9.22,-73,23.352,8.325147393,1868.915,0.024,1.16,0.57,1.37,0.5,42,72,
CDM,9/16/2016,Day,5,14,17:32,35.3,50636,22.3,9.74,-74,20.032,8.382909662,1999.039,0.024,0.498,0.706,1.15,0.5,43,73,
CDM,9/16/2016,Day,5,15,17:34,35.2,50707,22.5,9.71,-71.4,23.145,8.300451311,2111.84,0.024,0.79,0.548,1.22,0.5,44,74,
CDM,9/16/2016,Day,5,Ocean,17:37,34.9,46934,19.2,8.52,-64.7,20.728,8.214843437,2199.956,0.024,0.73,0.521,0.04,0.5,Ocean,Ocean,
CDM,9/26/2016,Night,0,1,23:52,34.4,43202,18.6,5.2,-39.2,19.287,7.787535967,2219.085,0.024,1.55,0.472,3.447,3.2,31,75,
CDM,9/26/2016,Night,0,2,0:57,34.4,45589,18.4,6.58,-46.4,19.157,7.913065718,2148.129,0.024,1.2,0.506,4.732,3.2,32,76,
CDM,9/26/2016,Night,0,3,23:59,34.3,45517,18.4,6.64,-46.8,19.45,7.916693283,2245.55,0.024,0.24,0.514,3.279,3.2,33,77,
CDM,9/27/2016,Night,0,4,0:00,34.4,45363,18.1,6.04,-45.6,18.96,7.901458302,2249.821,0.024,0.621,0.494,3.95,3.2,34,78,
CDM,9/27/2016,Night,0,5,0:05,34.5,45281,18,7.17,-48.3,18.616,7.951915836,2234.47,0.024,0.146,0.493,2.777,3.2,35,79,
CDM,9/27/2016,Night,0,6,0:06,34.5,45154,17.9,7.06,-48.5,18.377,7.958067874,2258.402,0.024,0.045,0.459,1.771,3.2,36,80,
CDM,9/27/2016,Night,0,7,0:07,34.5,45012,17.7,4.48,-38.8,18.263,7.791601723,2278.256,-0.56,1.54,0.483,3.223,3.2,,,
CDM,9/27/2016,Night,0,8,0:09,34.5,45033,17.7,5.5,-42.7,18.285,7.858808109,2240.891,-0.56,0.597,0.584,2.33,3.2,37,81,
CDM,9/27/2016,Night,0,9,0:11,34.5,45193,17.9,4.62,-39.7,18.471,7.804926507,2197.034,-0.56,0.043,0.546,3.726,3.2,38,82,
CDM,9/27/2016,Night,0,10,0:13,34.5,45137,17.9,4.35,-37.8,18.639,7.770301767,2292.769,-0.56,0.628,0.582,3.279,3.2,39,83,
CDM,9/27/2016,Night,0,11,0:15,34.4,45133,17.9,6.07,-43.9,18.597,7.876122702,2181.262,-0.56,0.978,0.563,2.665,3.2,40,84,
CDM,9/27/2016,Night,0,12,0:17,34.4,45122,17.9,3.71,-37.2,18.597,7.760384363,2261.406,-0.56,0.9,0.561,3.056,3.2,41,85,
CDM,9/27/2016,Night,0,13,0:19,34.5,45222,18,4.17,-38.5,18.695,7.781793564,2214.919,-0.56,0.739,0.605,2.832,3.2,42,86,
CDM,9/27/2016,Night,0,14,0:21,34.5,45264,18,4.92,-40,18.707,7.807567124,2272.184,-0.56,1.39,0.574,2.106,3.2,43,87,
CDM,9/27/2016,Night,0,15,0:23,34.4,45258,18,6.58,-47.2,18.832,7.930495878,2257.077,-0.56,1.42,0.543,3.056,3.2,44,88,
CDM,9/27/2016,Night,0,Ocean,0:25,34.4,45394,18.2,7.25,-51.5,18.492,8.008611497,2280.299,-0.56,0.693,0.566,1.994,3.2,Ocean,Ocean,
CDM,9/27/2016,Night,1,1,0:40,34.6,45198,17.8,2.99,-33.6,18.702,7.697104751,2324.682,-0.56,0.737,0.592,3.67,2.3,31,75,
CDM,9/27/2016,Night,1,2,0:43,34.4,45376,18.2,5.9,-44.5,18.97,7.882369771,2246.196,-0.56,0.664,0.603,2.832,2.3,32,76,
CDM,9/27/2016,Night,1,3,0:45,34.5,45378,18.1,5.06,-42.3,18.894,7.84524336,2235.566,-0.56,0.652,0.558,3.056,2.3,33,77,
CDM,9/27/2016,Night,1,4,0:47,34.5,45130,17.8,5.01,-42.9,18.86,7.855969449,2256.273,-0.56,0.691,0.572,2.218,2.3,34,78,
CDM,9/27/2016,Night,1,5,0:48,34.6,44806,17.4,6.06,-44.5,18.483,7.887746754,2265.816,-0.56,0.306,0.541,2.832,2.3,35,79,
CDM,9/27/2016,Night,1,6,0:49,34.6,44961,17.5,6.2,-45.6,18.195,7.909958568,2241.161,-0.56,0.449,0.537,1.994,2.3,36,80,
CDM,9/27/2016,Night,1,7,0:51,34.5,44748,17.4,3.02,-34.8,18.42,7.720779754,2261.676,-0.56,0.796,0.555,2.888,2.3,,,
CDM,9/27/2016,Night,1,8,0:54,34.6,44841,17.4,4.63,-39.9,17.946,7.814045761,2276.563,-0.56,0.947,0.547,2.441,2.3,37,81,
CDM,9/27/2016,Night,1,9,0:56,34.6,44973,17.6,3.02,-35.1,18.029,7.730071084,2235.193,-0.56,0.57,0.597,3.447,2.3,38,82,
CDM,9/27/2016,Night,1,10,0:58,34.3,44673,17.5,2.41,-31.7,18.239,7.669060218,2344.982,-0.56,0.63,0.592,3.503,2.3,39,83,
CDM,9/27/2016,Night,1,11,1:00,34.5,44973,17.7,5.07,-40.4,18.213,7.819813161,2280.316,-0.56,0.438,0.556,1.771,2.3,40,84,
CDM,9/27/2016,Night,1,12,1:02,34.2,44612,17.6,2.83,-23.3,18.173,7.524424023,2331.644,-0.56,0.407,0.592,2.888,2.3,41,85,
CDM,9/27/2016,Night,1,13,1:04,34.5,44950,17.6,3.19,-33.5,18.208,7.700514888,2322.391,-0.56,1.04,0.607,2.777,2.3,42,86,
CDM,9/27/2016,Night,1,14,1:05,34.5,44996,17.7,3.54,-33.7,18.061,7.705506222,2290.158,-0.56,1.1,0.655,2.721,2.3,43,87,
CDM,9/27/2016,Night,1,15,1:08,34.5,46065,17.7,6.02,-44.7,18.222,7.894091248,2239.671,-0.56,0.905,0.575,1.771,2.3,44,88,
CDM,9/27/2016,Night,1,Ocean,1:09,34.4,45173,17.9,6.95,-45.5,18.409,7.905850041,2251.844,-0.56,0.971,0.564,2.106,2.3,Ocean,Ocean,
CDM,9/27/2016,Night,2,1,1:25,34.6,45114,17.7,2.16,-28.2,18.249,7.608424703,2379.993,0.8,0.861,0.589,3.279,0,31,75,
CDM,9/27/2016,Night,2,2,1:29,34.5,45301,18,5.37,-42.4,18.558,7.850637088,2260.373,0.8,1.17,0.59,2.497,0,32,76,
CDM,9/27/2016,Night,2,3,1:31,34.5,45248,18,3.94,-38.5,18.456,7.784348716,2272.249,0.8,1.42,0.635,3,0,33,77,
CDM,9/27/2016,Night,2,4,1:33,34.6,44960,17.5,4.02,-40.8,18.027,7.828748809,2303.634,0.8,0.977,0.563,2.497,0,34,78,
CDM,9/27/2016,Night,2,5,1:35,34.6,44576,17.1,4.88,-41,17.572,7.837154622,2302.492,0.8,0.816,0.525,2.33,0,35,79,
CDM,9/27/2016,Night,2,6,1:37,34.7,44764,17.3,5.69,-42.6,17.775,7.862664933,2307.521,0.8,0.998,0.533,2.05,0,36,80,
CDM,9/27/2016,Night,2,7,1:39,34.6,44566,17.1,2.26,-31.3,17.821,7.666439629,2368.156,0.8,0.926,0.556,2.441,0,,,
CDM,9/27/2016,Night,2,8,1:41,34.7,44610,17.1,3.83,-36.8,17.9,7.760863579,2325.213,0.8,0.792,0.581,3,0,37,81,
CDM,9/27/2016,Night,2,9,1:43,34.6,44788,17.4,2.21,-32.5,18.054,7.684811276,2266.908,0.8,0.14,0.595,2.497,0,38,82,
CDM,9/27/2016,Night,2,10,1:46,34.6,44669,17.3,1.64,-29.1,17.961,7.626912947,2421.062,0.8,0.551,0.667,2.832,0,39,83,
CDM,9/27/2016,Night,2,11,1:49,34.6,44633,17.2,4.21,-37.2,17.841,7.768417497,2277.172,0.8,0.161,0.558,1.603,0,40,84,
CDM,9/27/2016,Night,2,12,1:51,34.5,44445,17.2,1.98,-29.3,17.898,7.631015808,2321.294,0.8,0.868,0.562,1.771,0,41,85,
CDM,9/27/2016,Night,2,13,1:54,34.6,44751,17.3,2.24,-29.7,18.151,7.635364966,2349.766398,-0.97,1.5,0.604,1.38,0,42,86,
CDM,9/27/2016,Night,2,14,1:56,34.6,44836,17.4,1.99,-29.7,18.273,7.634122913,2341.323,0.8,1.18,0.728,2.944,0,43,87,
CDM,9/27/2016,Night,2,15,2:00,34.5,44790,17.5,5.28,-42.5,18.359,7.854540216,2216.865,0.8,0.848,0.572,3.335,0,44,88,
CDM,9/27/2016,Night,2,Ocean,2:03,34.4,44949,17.7,7.43,-50.1,18.219,7.987527124,2230.922,0.8,0.795,0.618,2.385,0,Ocean,Ocean,
CDM,9/27/2016,Night,3,1,2:12,34.7,44842,17.3,1.68,-26.3,18.205,7.576003239,2434.005,0.8,0.055,0.282,1.782,1.4,31,75,
CDM,9/27/2016,Night,3,2,2:16,34.5,45176,17.8,4.72,-40,18.641,7.808278376,2267.971,0.8,1.34,0.218,1.333,1.4,32,76,
CDM,9/27/2016,Night,3,3,2:17,34.5,45117,17.8,2.71,-33,18.739,7.6863605,2352.013,0.8,1.65,0.241,1.846,1.4,33,77,
CDM,9/27/2016,Night,3,4,2:19,34.6,44823,17.4,3.36,-37.9,18.36,7.775002533,2328.351,0.8,0.626,0.157,2.615,1.4,34,78,
CDM,9/27/2016,Night,3,5,2:21,34.7,44488,17,4.08,-38.2,18.06,7.783394695,2338.956,0.8,0.174,0.099,1.333,1.4,35,79,
CDM,9/27/2016,Night,3,6,2:23,34.7,44711,17.1,4.72,-38.4,18.008,7.787412516,2319.364,0.8,2.71,0.16,1.205,1.4,36,80,
CDM,9/27/2016,Night,3,7,2:25,34.7,44516,17,1.7,-27.6,17.929,7.601266819,2401.785,0.8,0.283,0.338,1.526,1.4,,,
CDM,9/27/2016,Night,3,8,2:27,34.7,44490,16.9,3.11,-33.7,17.891,7.707278619,2331.739,0.8,1.02,0.108,1.333,1.4,37,81,
CDM,9/27/2016,Night,3,9,2:29,34.7,44578,17,1.82,-29.2,17.744,7.630849339,2398.776,0.8,0.29,0.188,1.526,1.4,38,82,
CDM,9/27/2016,Night,3,10,2:32,34.6,44529,17.1,1.49,-27.3,17.922,7.59614294,2487.914,0.8,1.03,0.439,1.269,1.4,39,83,
CDM,9/27/2016,Night,3,11,2:43,34.6,44427,17,3.62,-34,17.782,7.71361237,2278.954,0.8,2.4,0.165,1.205,1.4,40,84,
CDM,9/27/2016,Night,3,12,2:37,34.5,44282,16.9,4.57,-27.2,17.647,7.597173919,2341.85,0.8,1.11,0.164,1.654,1.4,41,85,
CDM,9/27/2016,Night,3,13,2:39,34.7,44496,17,1.78,-28.4,17.565,7.618800915,2416.716,0.8,0.298,0.336,1.397,1.4,42,86,
CDM,9/27/2016,Night,3,14,2:41,34.6,44576,17.2,4.44,-27.5,17.673,7.602111424,2392.14,0.8,1.74,0.382,1.59,1.4,43,87,
CDM,9/27/2016,Night,3,15,2:42,34.6,44707,17.3,4.78,-29.6,17.544,7.63981786,2281.875,0.8,0.104,0.187,2.359,1.4,44,88,
CDM,9/27/2016,Night,3,Ocean,2:45,34.4,44868,17.6,7.6,-45.1,17.652,7.907339881,2236.394,0.8,1,0.163,1.333,1.4,Ocean,Ocean,
CDM,9/27/2016,Night,4,1,3:01,34.8,44887,17.2,1.48,-25.1,17.794,7.559320673,2534.848,0.8,0.641,0.421,1.782,1.2,31,75,
CDM,9/27/2016,Night,4,2,3:03,34.6,45233,17.9,3.93,-37.5,18.246,7.769300212,2261.47,0.8,1.51,0.323,1.782,1.2,32,76,
CDM,9/27/2016,Night,4,3,3:05,34.4,44885,17.7,1.95,-30.7,18.047,7.65373113,2332.81,0.8,0.818,0.329,2.167,1.2,33,77,
CDM,9/27/2016,Night,4,4,3:07,34.6,44737,17.3,2.91,-36.2,17.724,7.752336228,2343.012,0.8,3.23,0.26,1.59,1.2,34,78,
CDM,9/27/2016,Night,4,5,3:09,34.7,44381,16.7,3.46,-35.6,17.274,7.746690321,2347.73,0.8,0.128,0.182,1.654,1.2,35,79,
CDM,9/27/2016,Night,4,6,3:11,34.7,44575,17,3.79,-36.1,17.42,7.753820666,2360.47,0.8,1.29,0.285,1.846,1.2,36,80,
CDM,9/27/2016,Night,4,7,3:13,34.6,44398,16.8,1.64,-27,17.164,7.598559518,2448.21,0.8,1.51,0.422,1.333,1.2,,,
CDM,9/27/2016,Night,4,8,3:15,34.8,44445,16.8,2.83,-31.5,17.215,7.676151556,2359.572,0.8,0.085,0.222,2.167,1.2,37,81,
CDM,9/27/2016,Night,4,9,3:17,34.6,44586,17,1.48,-27.9,17.347,7.612334243,2407.923,0.8,1.02,0.408,1.526,1.2,38,82,
CDM,9/27/2016,Night,4,10,3:19,34.6,44417,16.9,1.19,-26.6,17.225,7.591003961,2561.701,0.57,2.27,0.722,1.718,1.2,39,83,
CDM,9/27/2016,Night,4,11,3:22,34.7,44401,16.8,3.37,-31.7,17.191,7.679870854,2313.725,0.57,0.926,0.289,1.59,1.2,40,84,
CDM,9/27/2016,Night,4,12,3:23,34.6,44255,16.8,1.66,-26.1,17.025,7.584325996,2404.341,0.57,1.04,0.327,1.205,1.2,41,85,
CDM,9/27/2016,Night,4,13,3:27,34.6,44351,16.9,1.74,-26.9,17.095,7.597516857,2440.916,0.57,0.386,0.554,1.205,1.2,42,86,
CDM,9/27/2016,Night,4,14,3:29,34.6,44455,17,1.35,-25.9,17.111,7.579993261,2439.317,0.57,0.805,0.606,1.333,1.2,43,87,
CDM,9/27/2016,Night,4,15,3:31,34.6,44597,17.2,4.38,-37.3,17.299,7.775923937,2281.439,0.57,0.26,0.32,1.782,1.2,44,88,
CDM,9/27/2016,Night,4,Ocean,3:34,34.5,45191,17.9,7.75,-47.6,17.597,7.951285801,2252.374,0.57,1.12,0.286,1.59,1.2,Ocean,Ocean,
CDM,9/27/2016,Night,5,1,,,,,,,,,,,,,,,31,75,
CDM,9/27/2016,Night,5,2,,,,,,,,,,,,,,,32,76,
CDM,9/27/2016,Night,5,3,,,,,,,,,,,,,,,33,77,
CDM,9/27/2016,Night,5,4,,,,,,,,,,,,,,,34,78,
CDM,9/27/2016,Night,5,5,,,,,,,,,,,,,,,35,79,
CDM,9/27/2016,Night,5,6,,,,,,,,,,,,,,,36,80,
CDM,9/27/2016,Night,5,7,,,,,,,,,,,,,,,,,
CDM,9/27/2016,Night,5,8,,,,,,,,,,,,,,,37,81,
CDM,9/27/2016,Night,5,9,,,,,,,,,,,,,,,38,82,
CDM,9/27/2016,Night,5,10,,,,,,,,,,,,,,,39,83,
CDM,9/27/2016,Night,5,11,,,,,,,,,,,,,,,40,84,
CDM,9/27/2016,Night,5,12,,,,,,,,,,,,,,,41,85,
CDM,9/27/2016,Night,5,13,,,,,,,,,,,,,,,42,86,
CDM,9/27/2016,Night,5,14,,,,,,,,,,,,,,,43,87,
CDM,9/27/2016,Night,5,15,,,,,,,,,,,,,,,44,88,
CDM,9/27/2016,Night,5,Ocean,,,,,,,,,,,,,,,Ocean,Ocean,
Monterey,7/11/2016,Day,0,1,7:24,36.5,42495,13.2,5.56,-26.5,14.177,7.588136228,2332.747,-0.03106,0.42,0.63,4.6,1.2,45,89,
Monterey,7/11/2016,Day,0,2,7:34,36.5,42495,13,4.49,-30.1,13.458,7.661611126,2287.448,-0.03106,0.63,0.61,4.85,1.2,46,90,
Monterey,7/11/2016,Day,0,3,7:37,36.5,42393,12.9,6.71,-38.4,13.131,7.812436619,2220.611,-0.03106,1.79,0.69,4.6,1.2,47,91,
Monterey,7/11/2016,Day,0,4,,,,,,,,,,,,,,,,,
Monterey,7/11/2016,Day,0,5,7:46,37.2,43958,13.7,2.2,-23.3,13.97,7.534892248,2435.892,-0.03106,0.03,0.44,2.02,1.2,48,92,
Monterey,7/11/2016,Day,0,6,7:48,37,43809,13.7,2.04,-18,13.832,7.443742427,2264.662,-0.03106,0,0.4,2.58,1.2,49,93,
Monterey,7/11/2016,Day,0,7,7:55,36,43120,15.3,3.83,-22.4,13.572,7.524626863,2260.938,-0.03106,1.27,0.69,5.54,1.2,50,94,
Monterey,7/11/2016,Day,0,8,8:00,36.7,42751,13,4.75,-28,13.272,7.627338982,2217.733,-0.03106,2.27,0.54,5.23,1.2,51,95,
Monterey,7/11/2016,Day,0,9,,,,,,,,,,,,,,,,,
Monterey,7/11/2016,Day,0,10,8:09,37.2,44092,13.8,4.52,-31.4,13.891,7.678210298,2441.99,-0.03106,0,0.24,1.64,1.2,52,96,
Monterey,7/11/2016,Day,0,11,8:15,36.8,43286,13.5,7.33,-40.6,13.588,7.844290071,2177.933,-0.03106,1.24,0.51,3.91,1.2,53,97,
Monterey,7/11/2016,Day,0,12,8:27,37.1,43863,13.6,2.93,-26.8,14.121,7.59419026,2356.256,-0.03106,0.02,0.58,1.89,1.2,54,98,
Monterey,7/11/2016,Day,0,13,8:30,37,43830,13.7,4.59,-21.9,14.022,7.509597982,2301.211,-0.03106,1.98,0.86,8.75,1.2,55,99,
Monterey,7/11/2016,Day,0,14,8:36,36.8,43236,13.4,5.08,-26.2,13.885,7.586995574,2198.864,-0.03106,1.17,0.51,7.55,1.2,56,100,
Monterey,7/11/2016,Day,0,15,8:20,37.5,44987,14.4,4.63,-22.4,14.674,7.509335424,2326.801,-0.03106,0.03,0.53,5.35,1.2,57,101,
Monterey,7/11/2016,Day,0,Ocean,8:42,36.7,41954,12.2,7.4,-48.1,12.899,7.986801235,2231.687,-0.03106,2.19,0.39,0.38,1.2,Ocean,Ocean,
Monterey,7/11/2016,Day,1,1,8:45,36.7,43426,13.5,6.29,-31.7,14.488,7.674857382,2311.476,-0.03106,0.57,0.86,6.42,0,45,89,
Monterey,7/11/2016,Day,1,2,8:49,36.4,43423,13.9,7.78,-42.4,14.36,7.864263237,2263.271,-0.03106,0.39,0.58,6.17,0,46,90,
Monterey,7/11/2016,Day,1,3,8:51,36.8,43508,13.6,8.79,-49.6,14.252,7.99214812,2162.674,-0.03106,0.6,0.59,6.48,0,47,91,
Monterey,7/11/2016,Day,1,4,,,,,,,,,,,,,,,,,
Monterey,7/11/2016,Day,1,5,8:55,37.4,44877,14.4,4.49,-30.7,15.754,7.639214452,2379.749,-0.03106,0,0.42,3.65,0,48,92,
Monterey,7/11/2016,Day,1,6,8:57,37.1,44254,14.1,3.32,-22.7,15.476,7.503495235,2235.17,-0.03106,0.07,0.4,4.41,0,49,93,
Monterey,7/11/2016,Day,1,7,9:06,36.8,43809,14,5.52,-31.9,15.207,7.668004059,2239.838,-0.03106,0.78,0.47,7.18,0,50,94,
Monterey,7/11/2016,Day,1,8,9:02,36.8,43276,13.3,5.02,-30.1,14.855,7.641572478,2191.152,-0.03106,1.75,0.54,6.11,0,51,95,
Monterey,7/11/2016,Day,1,9,,,,,,,,,,,,,,,,,
Monterey,7/11/2016,Day,1,10,9:11,37.3,45449,15,7.25,-44.8,16.479,7.874234076,2420.83,-0.03106,0,0.42,1.52,0,52,96,
Monterey,7/11/2016,Day,1,11,9:26,37.1,44898,14.7,9.19,-50.3,16.148,7.975040296,2154.528,-0.002,1.65,0.55,5.16,0,53,97,
Monterey,7/11/2016,Day,1,12,9:17,37.1,44791,14.6,4.18,-33.6,16.109,7.68467855,2374.233,-0.03106,0,0.58,2.14,0,54,98,
Monterey,7/11/2016,Day,1,13,9:20,37,44696,14.6,4.07,-25.5,16.011,7.54491858,2290.242,-0.03106,1.76,0.87,10.64,0,55,99,
Monterey,7/11/2016,Day,1,14,9:25,36.9,44695,14.7,6.71,-37.3,15.833,7.753188531,2148.59,-0.03106,0.97,0.61,9.57,0,56,100,
Monterey,7/11/2016,Day,1,15,9:27,37.6,46591,15.7,6.97,-37,16.748,7.734582451,2309.523,-0.03106,0.05,0.72,7.24,0,57,101,
Monterey,7/11/2016,Day,1,Ocean,9:43,36.7,42470,13,10.24,-59.1,14.733,8.150997937,2227.535,-0.03106,3.12,0.55,0.57,0,Ocean,Ocean,
Monterey,7/11/2016,Day,2,1,9:47,36.8,44708,14.9,10.9,-41.2,15.981,7.818998452,2256.359,-0.03106,0.2,0.84,7.74,4.1,45,89,
Monterey,7/11/2016,Day,2,2,9:49,35.9,44931,16,11.87,-59.9,16.569,8.135546806,2223.87,-0.03106,0.1,0.69,5.73,4.1,46,90,
Monterey,7/11/2016,Day,2,3,9:51,36.8,44547,14.6,11.51,-63,15.836,8.201337633,2074.13,-0.03106,0.2,0.72,5.79,4.1,47,91,
Monterey,7/11/2016,Day,2,4,,,,,,,,,,,,,,,,,
Monterey,7/11/2016,Day,2,5,9:57,37.4,46255,15.7,7.42,-42.8,16.31,7.841960624,2297.136,-0.03106,0,0.6,7.3,4.1,48,92,
Monterey,7/11/2016,Day,2,6,9:58,37.1,44794,14.6,4.41,-27.1,15.657,7.577778323,2300.609,-0.03106,1.19,0.68,6.23,4.1,49,93,
Monterey,7/11/2016,Day,2,7,10:02,36.9,44639,14.7,7.31,-29.2,15.823,7.612069529,2209.024,-0.03106,0.56,0.72,6.61,4.1,50,94,
Monterey,7/11/2016,Day,2,8,10:05,36.8,43669,13.8,5.92,-34.4,15.238,7.711247239,2199.957,-0.03106,1.54,0.74,7.43,4.1,51,95,
Monterey,7/11/2016,Day,2,9,,,,,,,,,,,,,,,,,
Monterey,7/11/2016,Day,2,10,10:09,36.8,46518,16.5,11.89,-58.3,17.469,8.093454532,2330.803,-0.03106,0,0.54,3.21,4.1,52,96,
Monterey,7/11/2016,Day,2,11,10:17,36.9,45756,15.7,10.7,-57,16.486,8.086412017,2145.116,-0.03106,0.83,0.58,5.92,4.1,53,97,
Monterey,7/11/2016,Day,2,12,10:20,37.1,45646,15.4,7.05,-41.8,15.945,7.829994255,2316.454,-0.03106,0.19,0.74,3.47,4.1,54,98,
Monterey,7/11/2016,Day,2,13,10:23,37,45484,15.3,4.32,-31.2,15.583,7.650383278,2301.257,-0.03106,1.51,1.03,10.7,4.1,55,99,
Monterey,7/11/2016,Day,2,14,10:27,36.9,45404,15.4,8.71,-43.7,16.111,7.860620392,2113.322,-0.03106,0.62,0.6,7.49,4.1,56,100,
Monterey,7/11/2016,Day,2,15,10:30,37.5,47221,16.5,9.84,-49.5,17.137,7.945928888,2255.359,-0.03106,0,0.61,9.5,4.1,57,101,
Monterey,7/11/2016,Day,2,Ocean,10:37,36.7,42432,12.7,10.19,-62.4,14.349,8.215021519,2223.098,-0.03106,1.74,0.54,0.76,4.1,Ocean,Ocean,
Monterey,7/11/2016,Day,3,1,10:41,36.1,46196,17.1,14.42,-53.1,16.88,8.012421563,2198.095,-0.03106,0.134,0.856,8.02,0,45,89,
Monterey,7/11/2016,Day,3,2,10:43,36.1,46196,17.1,14.42,-69.9,17.693,8.2909201,2199.586,-0.03106,0,0.602,5.51,0,46,90,
Monterey,7/11/2016,Day,3,3,10:46,37,45627,15.4,14.55,-76.6,17.337,8.413034633,2077.959,-0.03106,0.0747,0.516,4.98,0,47,91,
Monterey,7/11/2016,Day,3,4,,,,,,,,,,,,,,,,,
Monterey,7/11/2016,Day,3,5,10:50,37.2,46512,16.2,9.89,-53.5,17.2,8.014394515,2278.95,-0.03106,0,0.416,8.02,0,48,92,
Monterey,7/11/2016,Day,3,6,10:51,37,45074,15,6.3,-35.4,16.631,7.708463003,2188.242,-0.03106,0,0.444,6.8,0,49,93,
Monterey,7/11/2016,Day,3,7,10:56,37,45654,15.6,10.26,-49.1,16.946,7.941905135,2170.392,-0.03106,0.373,0.509,5.8,0,50,94,
Monterey,7/11/2016,Day,3,8,10:57,36.8,44021,14.1,6.66,-36.9,16.1,7.742305927,2197.243,-0.03106,0.97,0.555,5.8,0,51,95,
Monterey,7/11/2016,Day,3,9,,,,,,,,,,,,,,,,,
Monterey,7/11/2016,Day,3,10,11:01,37.5,47984,17.2,14.08,-68.6,18.004,8.263293815,2289.138,-0.03106,0,0.448,3.4,0,52,96,
Monterey,7/11/2016,Day,3,11,11:04,36.9,46294,16.2,12.52,-63.4,17.558,8.180461768,2138.784,-0.41,0.818,0.554,5.22,0,53,97,
Monterey,7/11/2016,Day,3,12,11:07,37.2,46485,16.1,7.47,-44.3,16.876,7.859567152,2330.879,-0.03106,0,0.541,5.27,0,54,98,
Monterey,7/11/2016,Day,3,13,11:09,37.1,45915,15.7,6.83,-38.1,16.875,7.751845114,2240.153,-0.03106,1.08,0.8,10.19,0,55,99,
Monterey,7/11/2016,Day,3,14,11:13,36.8,45717,15.8,9.97,-52.5,17.066,7.999112543,2047.287,-0.41,0.421,0.466,8.55,0,56,100,
Monterey,7/11/2016,Day,3,15,11:16,37.8,48159,17.1,12.21,-59.3,18.132,8.100288751,2217.426,-0.41,0,0.503,8.84,0,57,101,
Monterey,7/11/2016,Day,3,Ocean,11:21,36.7,42793,13,10.41,-62.3,15.527,8.19413145,2193.834,-0.03106,1.45,0.442,0.77,0,Ocean,Ocean,
Monterey,7/11/2016,Day,4,1,11:40,37.3,47526,17.1,12.7,-66.5,17.397,8.236828107,2225.693,0.166,0,0.702,8.43,3,45,89,
Monterey,7/11/2016,Day,4,2,11:44,35.8,47875,18.4,18.22,-80,18.379,8.454229186,2081.252,0.166,0,0.535,7.32,3,46,90,
Monterey,7/11/2016,Day,4,3,11:47,36.9,46933,16.8,18.51,-87.9,17.77,8.60147355,1956.981,0.166,0,0.616,5.04,3,47,91,
Monterey,7/11/2016,Day,4,4,,,,,,,,,,,,,,,,,
Monterey,7/11/2016,Day,4,5,11:52,37.5,47651,17,12.13,-61.5,17.737,8.14466096,2198.281,0.2332,0.115,0.596,10.54,3,48,92,
Monterey,7/11/2016,Day,4,6,11:53,37.1,45873,15.6,8.41,-44.9,17.009,7.867992008,2128.484,0.166,0.037,0.53,7.96,3,49,93,
Monterey,7/11/2016,Day,4,7,11:58,37,46604,16.4,12.01,-59.4,17.114,8.118171119,2137.879,0.166,0.41,0.615,7.79,3,50,94,
Monterey,7/11/2016,Day,4,8,12:00,37,44944,14.8,8.14,-42.5,16.416,7.835153469,2148.481,0.166,1.49,0.775,8.96,3,51,95,
Monterey,7/11/2016,Day,4,9,,,,,,,,,,,,,,3,,,
Monterey,7/11/2016,Day,4,10,12:04,36.5,48754,18.7,15.85,-77.4,18.676,8.404271893,2194.562,0.166,0.331,0.397,3.93,3,52,96,
Monterey,7/11/2016,Day,4,11,12:08,37.1,47616,17.2,14.15,-71.3,18.143,8.307730311,2067.441,-0.41,0.839,0.708,5.1,3,53,97,
Monterey,7/11/2016,Day,4,12,12:11,37.3,47984,17.1,9.42,-51.9,17.602,7.980417827,2311.104,0.2332,0.259,0.683,8.49,3,54,98,
Monterey,7/11/2016,Day,4,13,12:14,36.9,46457,16.3,8.27,-43.4,17.381,7.836380714,2288.765,0.166,1.18,0.902,12.76,3,55,99,
Monterey,7/11/2016,Day,4,14,12:17,36.9,46672,16.6,11.08,-58.5,17.688,8.093459126,2010.547,-0.41,0.796,0.649,9.37,3,56,100,
Monterey,7/11/2016,Day,4,15,12:20,37.8,49027,17.9,14.4,-68.7,18.861,8.251003106,2182.099,-0.41,0.181,0.734,11.01,3,57,101,
Monterey,7/11/2016,Day,4,Ocean,12:26,36.7,43209,13.5,11.06,-67.3,15.673,8.279013698,2255.744,-0.03106,3.14,0.595,0.71,3,Ocean,Ocean,
Monterey,7/11/2016,Day,5,1,12:38,37.5,48082,17.3,16.08,-69.2,18.242,8.269773149,2238.795,0.166,0.253,0.871,9.95,3.2,45,89,
Monterey,7/11/2016,Day,5,2,12:40,35.3,48259,20,19.78,-86.8,19.664,8.549439145,2091.971,0.166,0,0.682,6.27,3.2,46,90,
Monterey,7/11/2016,Day,5,3,12:44,36.9,47966,17.7,20.25,-94.9,18.447,8.710591622,1880.712,0.166,0,0.88,4.11,3.2,47,91,
Monterey,7/11/2016,Day,5,4,,,,,,,,,,,,,,,,,
Monterey,7/11/2016,Day,5,5,12:48,37.5,48088,17.4,13.66,-67.7,17.783,8.251326605,2152.541,0.166,0.38,0.814,11.47,3.2,48,92,
Monterey,7/11/2016,Day,5,6,12:50,37.3,46328,16.2,10.06,-49.7,17.061,7.950565752,2124.272,0.166,0.147,0.632,11.18,3.2,49,93,
Monterey,7/11/2016,Day,5,7,12.53,37.1,47445,17.1,13.21,-65.9,17.881,8.218554348,2103.309,0.166,0.478,0.73,6.91,3.2,50,94,
Monterey,7/11/2016,Day,5,8,12:56,36.9,45250,15.4,9.2,-46,16.414,7.896099479,2095.707,0.166,1.57,0.917,8.78,3.2,51,95,
Monterey,7/11/2016,Day,5,9,,,,,,,,,,,,,,,,,
Monterey,7/11/2016,Day,5,10,13:01,37.5,50621,19.7,17.62,-84.9,19.366,8.521874384,2118.677,0.166,0.564,0.506,4.16,3.2,52,96,
Monterey,7/11/2016,Day,5,11,13:04,37.1,46942,17.7,14.93,-76.9,18.054,8.406119278,2071.74,-0.41,0.615,0.661,5.22,3.2,53,97,
Monterey,7/11/2016,Day,5,12,13:13,37.5,47795,17.1,10.86,-59.4,17.539,8.111418858,2261.217,0.166,0.519,0.731,7.73,3.2,54,98,
Monterey,7/11/2016,Day,5,13,13:15,37.1,46986,16.7,9.08,-48.4,17.264,7.924896128,2218.786,0.166,1.47,1.01,11.42,3.2,55,99,
Monterey,7/11/2016,Day,5,14,13:09,37.1,47230,16.9,12.53,-62.9,17.696,8.16957539,1948.578,-0.41,0.94,0.802,9.02,3.2,56,100,
Monterey,7/11/2016,Day,5,15,13:18,37.9,49736,18.3,15.55,-76.1,18.711,8.381233967,2130.294,-0.41,0.167,0.644,11.06,3.2,57,101,
Monterey,7/11/2016,Day,5,Ocean,13:28,36.7,43044,13.5,9.62,-63.2,15.418,8.211615714,2132.912,0.166,3.51,0.595,0.54,3.2,Ocean,Ocean,
Monterey,7/12/2016,Night,0,1,22:11,36.2,42852,13.4,3.34,-36.8,13.535,7.778284962,2283.455,0.57,1.57,0.618,3.588235,0.03,45,102,
Monterey,7/12/2016,Night,0,2,22:15,36.5,43127,13.5,3.64,-34,13.313,7.732311735,2282.144,0.57,1.06,0.664,4.470588,0.03,46,103,
Monterey,7/12/2016,Night,0,3,22:17,36.4,42705,13.4,4.05,-35.4,13.429,7.755233817,2299.792,0.57,1.33,0.638,2.882353,0.03,47,104,
Monterey,7/12/2016,Night,0,4,,,,,,,,,,,,,,,,,
Monterey,7/12/2016,Night,0,5,22:26,37,44548,14.5,3.19,-36,14.285,7.753179859,2271.223,0.57,2.09,0.646,5.411765,0.03,48,105,
Monterey,7/12/2016,Night,0,6,22:28,36.9,43963,14,3.72,-36.4,13.875,7.766234225,2238.674,0.57,2.39,0.62,4.941176,0.03,49,106,
Monterey,7/12/2016,Night,0,7,22:34,36.8,43632,13.8,4.04,-37.6,13.628,7.790967941,2261.607,0.57,3.24,0.644,4.588235,0.03,50,107,
Monterey,7/12/2016,Night,0,8,22:37,36.8,43408,13.5,5.1,-40.4,13.431,7.843133238,2217.491,0.57,3.74,0.69,3.647059,0.03,51,108,
Monterey,7/12/2016,Night,0,9,,,,,,,,,,,,,,,,,
Monterey,7/12/2016,Night,0,10,22:43,36.9,43931,14,3.19,-36.1,14.006,7.75903756,2298.233,0.57,1.77,0.626,4.176471,0.03,52,109,
Monterey,7/12/2016,Night,0,11,22:48,36.8,43412,13.5,5.46,-40.3,13.594,7.838927172,2252.827,0.57,3.08,0.732,3.117647,0.03,53,110,
Monterey,7/12/2016,Night,0,12,22:52,36.9,43620,13.7,4.23,-41.5,13.793,7.857018191,2258.727,0.57,2.51,0.72,3.705882,0.03,54,111,
Monterey,7/12/2016,Night,0,13,22:53,36.9,43709,13.9,3.2,-34.6,13.716,7.736957324,2307.833,0.57,3.58,0.852,7.117647,0.03,55,112,
Monterey,7/12/2016,Night,0,14,23:02,36.8,43564,13.7,2.36,-29.7,13.636,7.652020921,2292.771,0.57,3.09,0.696,6.823529,0.03,56,113,
Monterey,7/12/2016,Night,0,15,22:57,37.1,44118,14.4,2.47,-29.6,14.134,7.643126054,2234.605,0.57,2.93,0.673,7.588235,0.03,57,114,
Monterey,7/12/2016,Night,0,Ocean,23:11,36.8,43213,13.4,6,-45.2,13.492,7.926610438,2242.855,0.57,2.14,0.633,1.588235,0.03,Ocean,Ocean,
Monterey,7/12/2016,Night,1,1,23:12,36.9,43084,13.7,2.43,-31.8,13.049,7.697439955,2318.442,0.26,1.23,0.693,4.176471,1.9,45,102,
Monterey,7/12/2016,Night,1,2,23:14,36.8,43242,13.4,2.54,-28.6,13.134,7.639872474,2314.78,0.26,0.662,0.707,3.941176,1.9,46,103,
Monterey,7/12/2016,Night,1,3,23:16,36.8,43125,13.2,2.48,-26.6,13.078,7.605459873,2372.727,0.26,0.805,0.971,5.352941,1.9,47,104,
Monterey,7/12/2016,Night,1,4,,,,,,,,,,,,,,,,,
Monterey,7/12/2016,Night,1,5,23:21,37.01,44526,14.6,2.28,-30.5,14,7.660840705,2323.309,0.26,2.43,0.781,5.176471,1.9,48,105,
Monterey,7/12/2016,Night,1,6,23:23,36.9,43982,14,2.61,-31.4,13.518,7.683602204,2233.438,0.26,3.27,0.734,4.470588,1.9,49,106,
Monterey,7/12/2016,Night,1,7,23:29,36.9,43643,13.7,3.09,-31.9,13.348,7.694858429,2249.207,-0.002,3.41,0.9,4.882353,1.9,50,107,
Monterey,7/12/2016,Night,1,8,23:31,36.8,43227,13.5,3.8,-35.2,13.226,7.754704056,2249.652,0.26,5.01,0.837,5.176471,1.9,51,108,
Monterey,7/12/2016,Night,1,9,,,,,,,,,,,,,,,,,
Monterey,7/12/2016,Night,1,10,23:36,37,43820,13.8,2.21,-31,13.661,7.674505208,2312.224,0.26,2.02,0.646,3.117647,1.9,52,109,
Monterey,7/12/2016,Night,1,11,23:41,36.9,43325,13.4,4.36,-34.5,13.484,7.738600007,2227.778,-0.002,4.03,0.783,3.411765,1.9,53,110,
Monterey,7/12/2016,Night,1,12,23:46,36.9,43538,13.6,3.31,-35.7,13.489,7.759625357,2274.187,0.26,2.81,0.929,4,1.9,54,111,
Monterey,7/12/2016,Night,1,13,23:47,36.9,43786,13.9,2.28,-30.3,13.573,7.663471748,2305.501,0.26,5.83,1.12,5.352941,1.9,55,112,
Monterey,7/12/2016,Night,1,14,23:54,36.9,43514,13.6,1.65,-26.5,13.636,7.595786676,2345.188,0.26,2.88,0.795,6.941176,1.9,56,113,
Monterey,7/12/2016,Night,1,15,23:51,37.1,44528,14.4,2.07,-26.4,14.366,7.583715423,2237.66,0.26,2.61,0.899,6.176471,1.9,57,114,
Monterey,7/13/2016,Night,1,Ocean,0:01,36.8,43225,13.3,5.87,-42.6,13.258,7.884446249,2183.736,0.26,3.34,0.766,0.823529,1.9,Ocean,Ocean,
Monterey,7/13/2016,Night,2,1,0:10,36.9,42960,13,1.84,-28.4,13.072,7.637239205,2344.197,0.57,0.565,0.698,3.235294,2.3,45,102,
Monterey,7/13/2016,Night,2,2,0:12,36.5,43096,13.5,1.79,-25.3,13.31,7.579294821,2343.353,0.57,0.282,0.709,3.529412,2.3,46,103,
Monterey,7/13/2016,Night,2,3,0:16,36.5,42651,13.1,1.69,-24.5,13.112,7.568005629,2393.557,0.57,0.362,0.78,3,2.3,47,104,
Monterey,7/13/2016,Night,2,4,,,,,,,,,,,,,,,,,
Monterey,7/13/2016,Night,2,5,0:20,36.9,44313,14.3,1.58,-27.5,14.027,7.607804665,2314.266,0.57,1.03,0.709,4.235294,2.3,48,105,
Monterey,7/13/2016,Night,2,6,0:22,37,44002,13.9,1.99,-27.5,13.614,7.613672767,2242.445,0.57,1.82,0.654,5.705882,2.3,49,106,
Monterey,7/13/2016,Night,2,7,0:25,36.9,43644,13.7,2.51,-27.6,13.581,7.615899823,2262.683,0.57,2.79,0.74,4.823529,2.3,50,107,
Monterey,7/13/2016,Night,2,8,0:29,36.9,43340,13.4,2.89,-29.7,13.447,7.654735545,2263.45,0.26,2.51,0.654,4.764706,2.3,51,108,
Monterey,7/13/2016,Night,2,9,,,,,,,,,,,,,,,,,
Monterey,7/13/2016,Night,2,10,0:33,37,43834,13.8,1.87,-27.2,13.643,7.607988497,2345.879,0.26,0.658,0.613,1.941176,2.3,52,109,
Monterey,7/13/2016,Night,2,11,0:38,36.9,43334,13.4,3.45,-29.9,13.325,7.66000767,2251.498,0.26,2.41,0.727,4.882353,2.3,53,110,
Monterey,7/13/2016,Night,2,12,0:42,36.7,43384,13.6,3.05,-30.1,13.66,7.658705084,2308.472,0.26,1.5,0.814,2.941176,2.3,54,111,
Monterey,7/13/2016,Night,2,13,0:45,37,43857,13.9,1.56,-28.2,13.736,7.624235037,2328.497,0.26,2.76,0.979,6.352941,2.3,55,112,
Monterey,7/13/2016,Night,2,14,0:45,36.9,43525,13.5,1.38,-24.6,13.376,7.566051335,2374.137,0.26,1.68,0.741,4.882353,2.3,56,113,
Monterey,7/13/2016,Night,2,15,0:49,37.1,44174,14.3,1.63,-22.8,13.984,7.525921126,2266.642,0.26,1.5,0.739,5.058824,2.3,57,114,
Monterey,7/13/2016,Night,2,Ocean,1:03,36.9,43227,13.3,5.05,-40.6,13.91,7.839455051,2226.829,0.26,2.03,0.673,1,2.3,Ocean,Ocean,
Monterey,7/13/2016,Night,3,1,1:10,37.1,43192,13,1.52,-26.5,13.026,7.604437626,2373.683,0.26,0,0.658,2.177143,2,45,102,
Monterey,7/13/2016,Night,3,2,1:13,36.6,43105,13.5,1.32,-22.2,13.244,7.525674721,2384.337,0.26,0.106,0.558,3.205714,2,46,103,
Monterey,7/13/2016,Night,3,3,1:17,37.1,43340,13.1,1.14,-21.6,12.884,7.520120221,2434.247,0.26,0,0.757,3.205714,2,47,104,
Monterey,7/13/2016,Night,3,4,,,,,,,,,,,,,,,,,
Monterey,7/13/2016,Night,3,5,1:21,37.1,44286,14.1,1.42,-25.8,13.847,7.580508239,2352.523,0.26,0.287,0.72,2.805714,2,48,105,
Monterey,7/13/2016,Night,3,6,1:23,37,44286,14.1,1.42,-24.8,13.502,7.567796367,2261.237,0.26,0.451,0.604,4.005714,2,49,106,
Monterey,7/13/2016,Night,3,7,1:28,36.9,43648,13.7,1.86,-24.5,13.368,7.56440487,2297.63,0.26,0.66,0.768,3.662857,2,50,107,
Monterey,7/13/2016,Night,3,8,1:31,36.8,43279,13.4,2.04,-25.5,13.122,7.585469641,2267.419,0.26,1.3,0.733,5.32,2,51,108,
Monterey,7/13/2016,Night,3,9,,,,,,,,,,,,,,,,,
Monterey,7/13/2016,Night,3,10,1:35,37,43716,13.7,1.64,-25,13.451,7.572030703,2378.075,0.26,0.0101,0.524,1.148571,2,52,109,
Monterey,7/13/2016,Night,3,11,1:39,36.9,43218,13.3,2.89,-26,13.329,7.591341174,2269.544,0.2332,0.647,0.698,3.491429,2,53,110,
Monterey,7/13/2016,Night,3,12,1:43,36.9,43465,13.5,2.09,-28,13.284,7.627167649,2316.091,0.26,0,0.587,1.891429,2,54,111,
Monterey,7/13/2016,Night,3,13,1:45,36.9,43801,13.8,1.37,-26.1,13.471,7.591090742,2338.008,0.26,0.329,0.664,4.691429,2,55,112,
Monterey,7/13/2016,Night,3,14,1:54,36.9,43470,13.5,0.89,-24,13.507,7.553661153,2430.838,0.26,0.612,0.685,4.291429,2,56,113,
Monterey,7/13/2016,Night,3,15,1:49,37,44092,14,1.51,-20.4,13.77,7.486743373,2282.691,0.2332,0.294,0.608,5.034286,2,57,114,
Monterey,7/13/2016,Night,3,Ocean,2:02,36.9,43123,13.3,5.54,-37.5,13.492,7.791228806,2227.349,0.26,0.118,0.551,0.291429,2,Ocean,Ocean,
Monterey,7/13/2016,Night,4,1,2:10,37,42884,12.9,1.48,-23.1,12.8,7.547725971,2437.155,0.89,0,0.657,1.72,4.5,45,102,
Monterey,7/13/2016,Night,4,2,2:13,35.5,41706,13.2,1.18,-20.9,13.282,7.502272268,2398.002,0.89,0,0.614,2.462857,4.5,46,103,
Monterey,7/13/2016,Night,4,3,2:13,36.9,42913,13,1.1,-21,12.768,7.511158592,2393.561,0.89,0,0.566,1.948571,4.5,47,104,
Monterey,7/13/2016,Night,4,4,,,,,,,,,,,,,,,,,
Monterey,7/13/2016,Night,4,5,2:19,37,44039,14,1.32,-24.8,13.44,7.568668557,2390.599,0.89,0.0563,0.6,2.177143,4.5,48,105,
Monterey,7/13/2016,Night,4,6,2:22,37,43904,13.8,1.27,-23.7,13.387,7.550067032,2328.098,0.89,0.471,0.644,5.434286,4.5,49,106,
Monterey,7/13/2016,Night,4,7,2:26,36.9,43487,13.5,1.39,-22.3,13.301,7.52664055,2322.582,0.89,0.248,0.654,3.891429,4.5,50,107,
Monterey,7/13/2016,Night,4,8,2:30,36.9,43279,13.3,1.43,-23.2,13.045,7.546056447,2287.84,0.2332,0.0221,0.548,0.862857,4.5,51,108,
Monterey,7/13/2016,Night,4,9,,,,,,,,,,,,,,,,,
Monterey,7/13/2016,Night,4,10,2:35,37.1,43565,13.4,1.14,-23.6,13.161,7.55147394,2411.873,0.89,0,0.525,2.748571,4.5,52,109,
Monterey,7/13/2016,Night,4,11,2:40,37,43209,13.2,2.23,-22.4,13.209,7.52968198,2297.508,0.89,0.143,0.619,2.577143,4.5,53,110,
Monterey,7/13/2016,Night,4,12,2:45,37,43390,13.4,1.6,-25.9,13.107,7.59272395,2327.096,0.89,0.0961,0.647,7.377143,4.5,54,111,
Monterey,7/13/2016,Night,4,13,2:47,37,43771,13.7,0.98,-25.5,13.324,7.582615761,2370.118,0.89,0.594,0.844,4.92,4.5,55,112,
Monterey,7/13/2016,Night,4,14,2:56,36.9,43311,13.3,0.85,-23.8,13.06,7.556411605,2482.644,0.89,0.356,0.762,4.92,4.5,56,113,
Monterey,7/13/2016,Night,4,15,2:51,37.1,44023,13.8,1.39,-18.6,13.53,7.458408427,2318.617,0.89,0,0.595,3.034286,4.5,57,114,
Monterey,7/13/2016,Night,4,Ocean,3:06,36.9,43127,13.2,5.7,-39.7,13.005,7.837213693,2240.32,0.89,0.874,0.666,0.577143,4.5,Ocean,Ocean,
Monterey,7/13/2016,Night,5,1,3:10,36.9,42864,13,1.25,-22.7,12.607,7.543376782,2452.275,0.89,0,0.619,1.491429,3.3,45,102,
Monterey,7/13/2016,Night,5,2,3:13,35.7,42151,13.4,1.18,-20.41,13.046,7.496912139,2430.714,0.89,0,0.628,3.491429,3.3,46,103,
Monterey,7/13/2016,Night,5,3,3:16,36.8,42991,13.1,1.04,-20,12.678,7.494776296,2450.759,0.89,0,0.759,1.891429,3.3,47,104,
Monterey,7/13/2016,Night,5,4,,,,,,,,,,,,,,,,,
Monterey,7/13/2016,Night,5,5,3:20,37.1,43903,13.8,0.98,-23,13.506,7.536093998,2443.703,0.89,0.0845,0.721,2.234286,3.3,48,105,
Monterey,7/13/2016,Night,5,6,3:23,36.9,43663,13.8,0.96,-22,13.315,7.521167725,2324.422,0.89,0,0.553,2.92,3.3,49,106,
Monterey,7/13/2016,Night,5,7,3:29,37,43429,13.4,1.35,-20.9,13.028,7.505790211,2336.105,0.89,1.5,0.819,3.205714,3.3,50,107,
Monterey,7/13/2016,Night,5,8,3:34,36.9,43132,13.2,1.17,-20.8,12.865,7.506288109,2294.797,0.89,0.0856,0.585,4.005714,3.3,51,108,
Monterey,7/13/2016,Night,5,9,,,,,,,,,,,,,,,,,
Monterey,7/13/2016,Night,5,10,3:40,37.1,43538,13.4,1.39,-21.7,12.866,7.522132705,2438.544,0.89,0,0.573,0.92,3.3,52,109,
Monterey,7/13/2016,Night,5,11,3:44,37,43284,13.2,1.8,-20.3,12.889,7.497145838,2319.266,0.89,0,0.61,2.405714,3.3,53,110,
Monterey,7/13/2016,Night,5,12,3:48,36.9,43330,13.3,1.35,-23.5,12.823,7.554453008,2345.188,0.89,0.0595,0.715,1.891429,3.3,54,111,
Monterey,7/13/2016,Night,5,13,3.51,37,43708,13.7,0.93,-23.5,12.901,7.553358599,2393.421,0.89,0.438,1.02,5.548571,3.3,55,112,
Monterey,7/13/2016,Night,5,14,4:00,36.8,43194,13.4,0.68,-21.7,12.847,7.522397192,2528.656,0.89,0,0.6,3.777143,3.3,56,113,
Monterey,7/13/2016,Night,5,15,3:55,37.2,44080,13.8,1.33,-17.8,12.905,7.452879264,2329.874,0.89,0,0.608,2.691429,3.3,57,114,
Monterey,7/13/2016,Night,5,Ocean,4:10,36.8,43040,13.2,6.14,-39.5,12.874,7.835657684,2203.189,0.89,0.248,0.651,0.577143,3.3,Ocean,Ocean,
